,tractvec
1,40505
2,40505
3,700
4,700
5,501
6,40509
7,40509
8,40509
9,40509
10,40509
11,40506
12,40509
13,40501
14,40509
15,700
16,10303
17,40509
18,40504
19,40505
20,40504
21,400
22,40504
23,40509
24,901
25,901
26,40506
27,502
28,901
29,40509
30,40504
31,203
32,100
33,40509
34,40509
35,10303
36,40509
37,40509
38,801
39,10109
40,40505
41,40509
42,400
43,204
44,10308
45,10109
46,400
47,204
48,802
49,40504
50,10303
51,904
52,903
53,802
54,40505
55,1004
56,901
57,204
58,904
59,40505
60,1004
61,40505
62,40506
63,100
64,802
65,901
66,602
67,40505
68,901
69,100
70,40506
71,40501
72,802
73,203
74,1003
75,802
76,40509
77,40504
78,10308
79,40506
80,40501
81,40505
82,40509
83,801
84,502
85,601
86,40501
87,40505
88,602
89,802
90,904
91,901
92,802
93,40509
94,802
95,40506
96,40506
97,40501
98,10303
99,40509
100,904
101,10111
102,40505
103,802
104,1003
105,10109
106,40506
107,700
108,10307
109,400
110,10303
111,40505
112,204
113,10303
114,100
115,40504
116,40506
117,10306
118,802
119,40509
120,1003
121,40501
122,1003
123,40700
124,203
125,10303
126,100
127,10303
128,10308
129,903
130,40504
131,901
132,901
133,801
134,10308
135,40506
136,901
137,501
138,904
139,602
140,40504
141,802
142,1003
143,100
144,801
145,10303
146,10306
147,203
148,400
149,802
150,802
151,40504
152,10308
153,1004
154,10303
155,100
156,502
157,40800
158,40505
159,100
160,802
161,1003
162,502
163,901
164,904
165,904
166,40501
167,10307
168,802
169,40504
170,40505
171,10109
172,10303
173,40506
174,40504
175,10303
176,400
177,802
178,904
179,802
180,40504
181,901
182,1003
183,904
184,40504
185,10306
186,10109
187,501
188,400
189,100
190,501
191,40504
192,10308
193,901
194,40504
195,10306
196,40504
197,1003
198,40505
199,700
200,10109
201,40509
202,802
203,40509
204,40509
205,10308
206,40700
207,100
208,40506
209,501
210,40506
211,40501
212,10307
213,100
214,802
215,901
216,10306
217,40506
218,40506
219,10307
220,40501
221,602
222,40509
223,802
224,801
225,1004
226,601
227,602
228,204
229,40501
230,40506
231,40504
232,40505
233,40506
234,40505
235,1003
236,501
237,40505
238,204
239,100
240,10307
241,40800
242,40504
243,40505
244,40501
245,904
246,40509
247,40504
248,901
249,204
250,40506
251,10306
252,40509
253,40505
254,400
255,40506
256,1003
257,10303
258,904
259,501
260,901
261,904
262,904
263,400
264,10111
265,40501
266,10303
267,10303
268,802
269,400
270,901
271,40501
272,40505
273,100
274,1003
275,400
276,801
277,10308
278,903
279,801
280,40505
281,802
282,100
283,802
284,40501
285,40501
286,40504
287,1003
288,10308
289,40506
290,204
291,100
292,801
293,40501
294,40506
295,802
296,40506
297,903
298,10303
299,40501
300,40509
301,10109
302,40506
303,10109
304,40509
305,40506
306,100
307,10307
308,903
309,501
310,801
311,1004
312,40509
313,10307
314,40509
315,601
316,203
317,40501
318,10303
319,501
320,40505
321,1003
322,40506
323,40509
324,40509
325,40501
326,203
327,204
328,801
329,10111
330,10109
331,903
332,400
333,901
334,40506
335,40501
336,10303
337,40505
338,801
339,802
340,40509
341,40501
342,40504
343,10308
344,1004
345,40506
346,40501
347,10111
348,40505
349,40505
350,40504
351,10308
352,10303
353,40505
354,10303
355,10303
356,901
357,801
358,100
359,10306
360,10308
361,901
362,40509
363,10307
364,903
365,10303
366,802
367,40509
368,40509
369,40506
370,501
371,501
372,601
373,40506
374,10306
375,802
376,901
377,204
378,40505
379,501
380,10306
381,100
382,100
383,300
384,901
385,802
386,40504
387,204
388,100
389,40509
390,40505
391,700
392,10303
393,40700
394,10308
395,602
396,1004
397,40505
398,10303
399,400
400,903
401,10111
402,40501
403,40504
404,901
405,40501
406,502
407,10308
408,40501
409,40504
410,904
411,904
412,1004
413,901
414,1004
415,40505
416,400
417,40509
418,10303
419,40505
420,40501
421,40504
422,100
423,1003
424,501
425,400
426,901
427,10303
428,400
429,502
430,802
431,40504
432,501
433,40505
434,802
435,10109
436,100
437,100
438,10303
439,40509
440,40504
441,1004
442,203
443,10308
444,400
445,40800
446,10306
447,801
448,1003
449,802
450,40505
451,40505
452,501
453,40505
454,40505
455,903
456,204
457,40501
458,40501
459,904
460,40509
461,10308
462,100
463,400
464,802
465,802
466,40506
467,100
468,40509
469,1004
470,10306
471,204
472,40505
473,904
474,802
475,400
476,40509
477,10308
478,40506
479,203
480,40506
481,40506
482,10306
483,802
484,204
485,601
486,10109
487,40506
488,501
489,801
490,40509
491,40509
492,10308
493,40504
494,400
495,40504
496,40509
497,100
498,40501
499,40505
500,40509
501,10303
502,1003
503,501
504,400
505,40501
506,400
507,40506
508,40509
509,10306
510,40509
511,1003
512,10303
513,40700
514,901
515,40506
516,400
517,802
518,501
519,10109
520,901
521,40504
522,100
523,204
524,40501
525,904
526,1003
527,10303
528,1004
529,40509
530,1004
531,40504
532,1004
533,801
534,904
535,300
536,203
537,601
538,40505
539,904
540,40504
541,10308
542,300
543,40506
544,40501
545,10303
546,40506
547,10303
548,40509
549,40504
550,501
551,40506
552,40505
553,10308
554,501
555,40700
556,40700
557,40700
558,40700
559,40700
560,40700
561,40700
562,40700
563,40504
564,40700
565,10111
566,1004
567,40509
568,400
569,40505
570,1004
571,204
572,802
573,40506
574,40509
575,40509
576,40509
577,10308
578,10306
579,901
580,1003
581,40509
582,40509
583,10303
584,1003
585,40505
586,40504
587,203
588,501
589,400
590,1004
591,40505
592,10308
593,40505
594,203
595,40501
596,501
597,10303
598,1003
599,40506
600,10109
601,40509
602,40504
603,40505
604,901
605,100
606,1004
607,802
608,100
609,901
610,40506
611,40505
612,40505
613,40505
614,40505
615,40505
616,40505
617,204
618,502
619,10303
620,40506
621,901
622,10109
623,40505
624,40506
625,502
626,10303
627,802
628,40501
629,204
630,801
631,901
632,300
633,901
634,40501
635,10308
636,901
637,40504
638,502
639,10109
640,400
641,501
642,40501
643,40505
644,40501
645,1003
646,1003
647,1003
648,400
649,40504
650,40505
651,40506
652,904
653,40509
654,802
655,10308
656,801
657,40700
658,40700
659,40505
660,10308
661,801
662,100
663,300
664,601
665,40501
666,100
667,10303
668,204
669,10109
670,502
671,802
672,1003
673,40504
674,10306
675,802
676,100
677,40504
678,40505
679,801
680,1004
681,903
682,10111
683,10308
684,10111
685,903
686,204
687,40504
688,40504
689,801
690,904
691,300
692,1003
693,10306
694,802
695,400
696,100
697,10308
698,203
699,502
700,904
701,10308
702,204
703,100
704,901
705,904
706,400
707,501
708,40509
709,40509
710,40504
711,40504
712,901
713,40509
714,40501
715,40504
716,1004
717,40509
718,10303
719,40509
720,1004
721,40504
722,204
723,40506
724,400
725,100
726,901
727,40509
728,10306
729,400
730,40509
731,100
732,40505
733,40501
734,40509
735,802
736,10308
737,802
738,10307
739,1003
740,204
741,40504
742,40509
743,100
744,40505
745,40509
746,40509
747,204
748,10109
749,100
750,1004
751,40509
752,10308
753,10109
754,40700
755,40506
756,904
757,40509
758,204
759,1004
760,904
761,40509
762,40505
763,10109
764,501
765,10109
766,802
767,901
768,801
769,901
770,40505
771,100
772,901
773,40505
774,40509
775,40509
776,801
777,203
778,40509
779,40504
780,40504
781,10303
782,40509
783,10303
784,802
785,40505
786,40501
787,40501
788,601
789,40504
790,40506
791,10307
792,1003
793,10111
794,40509
795,203
796,802
797,1003
798,40505
799,40504
800,10306
801,802
802,204
803,802
804,203
805,10308
806,40506
807,100
808,40509
809,100
810,40501
811,602
812,602
813,203
814,10308
815,40509
816,901
817,40501
818,40501
819,40509
820,40504
821,400
822,903
823,100
824,40504
825,40505
826,204
827,40506
828,801
829,904
830,10308
831,40509
832,204
833,40509
834,802
835,100
836,1003
837,203
838,501
839,501
840,40501
841,40506
842,300
843,901
844,300
845,40504
846,40506
847,40509
848,40506
849,40509
850,501
851,10307
852,40509
853,100
854,40506
855,400
856,10306
857,400
858,10303
859,40506
860,802
861,10303
862,40509
863,40505
864,501
865,40504
866,10308
867,901
868,40501
869,203
870,40509
871,40509
872,40509
873,40509
874,40509
875,40509
876,40501
877,1004
878,904
879,40505
880,901
881,40509
882,10307
883,10308
884,40509
885,502
886,901
887,602
888,801
889,802
890,40501
891,40509
892,203
893,10308
894,203
895,10303
896,802
897,1004
898,40505
899,40506
900,203
901,10303
902,801
903,40509
904,40504
905,1003
906,40506
907,40504
908,40509
909,802
910,501
911,40509
912,802
913,802
914,40505
915,1004
916,1003
917,204
918,204
919,802
920,40506
921,502
922,40506
923,40506
924,1003
925,1003
926,40505
927,40501
928,40509
929,300
930,1003
931,40509
932,40501
933,40505
934,204
935,10109
936,40509
937,40505
938,400
939,40509
940,40509
941,40509
942,40509
943,40506
944,802
945,904
946,10306
947,100
948,10303
949,40504
950,203
951,10109
952,501
953,40504
954,40501
955,100
956,40509
957,400
958,40501
959,903
960,10111
961,100
962,203
963,904
964,40501
965,1003
966,40504
967,10109
968,204
969,802
970,802
971,10306
972,204
973,1004
974,40506
975,40509
976,40501
977,40505
978,40509
979,40505
980,40509
981,40509
982,40504
983,40509
984,1003
985,1004
986,100
987,501
988,802
989,10303
990,40509
991,40504
992,40506
993,40506
994,40509
995,10306
996,1003
997,40509
998,10109
999,400
1000,40506
1001,1003
1002,40501
1003,802
1004,40505
1005,10306
1006,903
1007,100
1008,40509
1009,501
1010,40505
1011,501
1012,1004
1013,501
1014,40509
1015,801
1016,10308
1017,801
1018,40509
1019,40505
1020,1003
1021,1003
1022,501
1023,40505
1024,40509
1025,400
1026,501
1027,602
1028,802
1029,40505
1030,802
1031,10308
1032,901
1033,10109
1034,40505
1035,1003
1036,10307
1037,400
1038,100
1039,40504
1040,10303
1041,40504
1042,10308
1043,40509
1044,40504
1045,901
1046,901
1047,40509
1048,904
1049,10303
1050,100
1051,40509
1052,40506
1053,40501
1054,40506
1055,40509
1056,40509
1057,904
1058,204
1059,1003
1060,40504
1061,801
1062,40506
1063,40505
1064,1004
1065,10303
1066,802
1067,40506
1068,10306
1069,204
1070,203
1071,40501
1072,10306
1073,601
1074,40504
1075,901
1076,40504
1077,40505
1078,501
1079,40506
1080,40505
1081,40505
1082,40509
1083,501
1084,901
1085,40504
1086,501
1087,400
1088,10306
1089,40509
1090,40509
1091,40509
1092,901
1093,204
1094,100
1095,801
1096,10307
1097,40509
1098,204
1099,40509
1100,40506
1101,204
1102,601
1103,40501
1104,40504
1105,40509
1106,40506
1107,10308
1108,1003
1109,1004
1110,40504
1111,501
1112,10308
1113,100
1114,40509
1115,40506
1116,40505
1117,502
1118,40505
1119,10307
1120,501
1121,40509
1122,40504
1123,801
1124,400
1125,10109
1126,40506
1127,10308
1128,40700
1129,40509
1130,40501
1131,40509
1132,10306
1133,901
1134,40506
1135,40505
1136,501
1137,40509
1138,10303
1139,40504
1140,601
1141,40509
1142,203
1143,10303
1144,801
1145,40509
1146,40509
1147,10306
1148,40505
1149,40504
1150,40505
1151,10306
1152,901
1153,40506
1154,901
1155,502
1156,901
1157,501
1158,700
1159,40504
1160,40505
1161,40501
1162,904
1163,901
1164,801
1165,100
1166,203
1167,10308
1168,10308
1169,901
1170,10308
1171,100
1172,40504
1173,10303
1174,203
1175,40509
1176,100
1177,904
1178,40509
1179,40506
1180,40501
1181,901
1182,903
1183,100
1184,40509
1185,10111
1186,100
1187,40509
1188,10303
1189,40501
1190,801
1191,40509
1192,904
1193,40504
1194,903
1195,203
1196,903
1197,40505
1198,1004
1199,40505
1200,40509
1201,1004
1202,40504
1203,1004
1204,40505
1205,10307
1206,601
1207,40700
1208,501
1209,901
1210,801
1211,1003
1212,40505
1213,40504
1214,10303
1215,602
1216,10109
1217,204
1218,100
1219,100
1220,601
1221,400
1222,40505
1223,40506
1224,400
1225,40509
1226,10307
1227,10303
1228,10306
1229,10303
1230,100
1231,40504
1232,400
1233,40509
1234,1003
1235,400
1236,40509
1237,10303
1238,901
1239,901
1240,10308
1241,40509
1242,40501
1243,10308
1244,10303
1245,802
1246,10109
1247,602
1248,40504
1249,1003
1250,40504
1251,100
1252,40501
1253,40506
1254,40509
1255,100
1256,204
1257,40509
1258,40505
1259,400
1260,1003
1261,100
1262,40501
1263,904
1264,40501
1265,10308
1266,1003
1267,400
1268,203
1269,400
1270,801
1271,40509
1272,40509
1273,40509
1274,40509
1275,40509
1276,40509
1277,601
1278,40509
1279,901
1280,10109
1281,40509
1282,40509
1283,40504
1284,903
1285,40509
1286,1004
1287,10303
1288,801
1289,10308
1290,901
1291,40505
1292,40509
1293,1003
1294,40509
1295,400
1296,40700
1297,904
1298,10306
1299,204
1300,1004
1301,40505
1302,602
1303,100
1304,10308
1305,300
1306,10307
1307,1004
1308,40506
1309,903
1310,10303
1311,10303
1312,100
1313,802
1314,40509
1315,40501
1316,802
1317,10111
1318,901
1319,802
1320,40501
1321,40501
1322,10303
1323,203
1324,100
1325,40509
1326,40504
1327,802
1328,1003
1329,601
1330,10303
1331,40505
1332,203
1333,40501
1334,40504
1335,801
1336,901
1337,40509
1338,40509
1339,40505
1340,802
1341,40509
1342,400
1343,1003
1344,40509
1345,501
1346,40509
1347,901
1348,904
1349,40505
1350,901
1351,10308
1352,1003
1353,40501
1354,901
1355,100
1356,501
1357,40505
1358,801
1359,802
1360,10307
1361,40506
1362,10303
1363,40509
1364,602
1365,40509
1366,901
1367,1003
1368,400
1369,40509
1370,40509
1371,204
1372,40504
1373,40501
1374,40509
1375,801
1376,601
1377,10306
1378,100
1379,40505
1380,300
1381,903
1382,10303
1383,601
1384,40509
1385,40505
1386,40504
1387,40505
1388,40505
1389,40509
1390,1004
1391,40505
1392,40501
1393,40509
1394,10306
1395,501
1396,801
1397,40504
1398,901
1399,100
1400,40506
1401,40506
1402,40506
1403,203
1404,40505
1405,904
1406,904
1407,100
1408,40501
1409,40509
1410,10303
1411,10109
1412,601
1413,10303
1414,801
1415,40509
1416,40509
1417,10109
1418,904
1419,40505
1420,40501
1421,40509
1422,10109
1423,10308
1424,40504
1425,10308
1426,901
1427,40509
1428,1004
1429,10303
1430,40501
1431,802
1432,501
1433,100
1434,10303
1435,40509
1436,40509
1437,903
1438,40509
1439,802
1440,40505
1441,1004
1442,602
1443,1003
1444,203
1445,10308
1446,501
1447,10111
1448,204
1449,40504
1450,10306
1451,1003
1452,40506
1453,1004
1454,204
1455,40504
1456,10308
1457,1003
1458,40501
1459,40505
1460,10303
1461,40504
1462,100
1463,40506
1464,802
1465,40509
1466,100
1467,40506
1468,40506
1469,40501
1470,501
1471,400
1472,802
1473,10308
1474,40505
1475,10306
1476,1003
1477,40504
1478,10111
1479,40504
1480,40501
1481,1004
1482,40506
1483,40509
1484,10303
1485,1003
1486,40505
1487,802
1488,40501
1489,601
1490,1003
1491,1004
1492,901
1493,40504
1494,10111
1495,801
1496,10303
1497,400
1498,40501
1499,1003
1500,904
1501,1004
1502,501
1503,40504
1504,10307
1505,40506
1506,10111
1507,40505
1508,40506
1509,10306
1510,802
1511,802
1512,40509
1513,40501
1514,10303
1515,40509
1516,40505
1517,40504
1518,901
1519,40506
1520,802
1521,40504
1522,10109
1523,802
1524,40501
1525,40700
1526,40509
1527,40509
1528,901
1529,40505
1530,10109
1531,901
1532,10307
1533,10111
1534,100
1535,901
1536,904
1537,40504
1538,904
1539,501
1540,40506
1541,40509
1542,901
1543,802
1544,904
1545,40509
1546,802
1547,10303
1548,1003
1549,1004
1550,10307
1551,904
1552,204
1553,802
1554,400
1555,802
1556,40506
1557,40800
1558,400
1559,1003
1560,100
1561,802
1562,40501
1563,40509
1564,40505
1565,40509
1566,40509
1567,400
1568,40509
1569,601
1570,40505
1571,40504
1572,802
1573,10307
1574,100
1575,10307
1576,10303
1577,802
1578,100
1579,400
1580,100
1581,40506
1582,1004
1583,40509
1584,10306
1585,40509
1586,40505
1587,40509
1588,40509
1589,100
1590,40509
1591,40501
1592,801
1593,40506
1594,40700
1595,40504
1596,40505
1597,10308
1598,40700
1599,501
1600,904
1601,40504
1602,40700
1603,40501
1604,40509
1605,802
1606,802
1607,901
1608,40509
1609,10303
1610,801
1611,40501
1612,40506
1613,40509
1614,1003
1615,100
1616,10303
1617,40509
1618,40509
1619,40509
1620,400
1621,10303
1622,40509
1623,204
1624,40509
1625,904
1626,802
1627,40506
1628,40505
1629,801
1630,501
1631,1004
1632,40509
1633,10308
1634,40506
1635,1004
1636,40505
1637,501
1638,40509
1639,40800
1640,40505
1641,901
1642,601
1643,100
1644,40509
1645,1004
1646,1004
1647,400
1648,801
1649,40505
1650,501
1651,40506
1652,904
1653,400
1654,10109
1655,10111
1656,501
1657,40505
1658,1004
1659,40504
1660,40506
1661,400
1662,904
1663,40501
1664,40509
1665,1003
1666,40506
1667,40501
1668,904
1669,1003
1670,40509
1671,801
1672,400
1673,40505
1674,1004
1675,40505
1676,1003
1677,40504
1678,801
1679,40504
1680,501
1681,300
1682,40504
1683,904
1684,40509
1685,602
1686,400
1687,40509
1688,10303
1689,40509
1690,100
1691,40504
1692,40506
1693,10303
1694,40504
1695,40501
1696,501
1697,801
1698,40505
1699,40504
1700,40509
1701,100
1702,40504
1703,40506
1704,40509
1705,904
1706,100
1707,904
1708,400
1709,40509
1710,802
1711,40506
1712,10308
1713,40505
1714,10303
1715,602
1716,40505
1717,40504
1718,40509
1719,40505
1720,40506
1721,502
1722,40505
1723,40505
1724,40505
1725,1003
1726,40504
1727,40501
1728,40504
1729,901
1730,802
1731,10307
1732,10303
1733,203
1734,40501
1735,501
1736,40509
1737,601
1738,903
1739,100
1740,602
1741,300
1742,40509
1743,203
1744,802
1745,602
1746,501
1747,40506
1748,10308
1749,203
1750,901
1751,802
1752,40505
1753,40501
1754,802
1755,40509
1756,602
1757,40509
1758,501
1759,40506
1760,501
1761,100
1762,901
1763,901
1764,10303
1765,40506
1766,1004
1767,40501
1768,203
1769,904
1770,10307
1771,904
1772,10308
1773,40501
1774,100
1775,204
1776,40504
1777,40506
1778,10109
1779,400
1780,400
1781,40505
1782,40505
1783,501
1784,1003
1785,1004
1786,40505
1787,10308
1788,10303
1789,40501
1790,602
1791,40501
1792,40501
1793,40506
1794,100
1795,40506
1796,904
1797,40509
1798,1003
1799,10308
1800,40506
1801,40506
1802,1004
1803,802
1804,1003
1805,40501
1806,801
1807,40504
1808,10306
1809,10303
1810,40504
1811,40504
1812,400
1813,1003
1814,1004
1815,1003
1816,40506
1817,204
1818,904
1819,501
1820,204
1821,40506
1822,10109
1823,602
1824,204
1825,400
1826,40504
1827,10303
1828,602
1829,802
1830,802
1831,901
1832,40505
1833,40505
1834,40501
1835,501
1836,10308
1837,1004
1838,10303
1839,100
1840,203
1841,10303
1842,40506
1843,204
1844,40501
1845,40505
1846,40506
1847,10308
1848,203
1849,10303
1850,801
1851,40505
1852,40509
1853,40509
1854,802
1855,40505
1856,40501
1857,40509
1858,204
1859,10306
1860,100
1861,10303
1862,904
1863,40505
1864,40505
1865,400
1866,204
1867,903
1868,40509
1869,400
1870,802
1871,40505
1872,40504
1873,40509
1874,901
1875,100
1876,40509
1877,40509
1878,901
1879,1004
1880,204
1881,802
1882,40501
1883,100
1884,801
1885,40509
1886,1003
1887,400
1888,10307
1889,1003
1890,203
1891,10306
1892,40505
1893,10307
1894,10307
1895,400
1896,40504
1897,40504
1898,300
1899,40504
1900,40505
1901,40509
1902,601
1903,601
1904,204
1905,802
1906,100
1907,40505
1908,40509
1909,40505
1910,40505
1911,901
1912,40501
1913,100
1914,40506
1915,1003
1916,40509
1917,100
1918,10109
1919,10308
1920,100
1921,1003
1922,40509
1923,901
1924,802
1925,100
1926,40509
1927,100
1928,501
1929,10303
1930,10303
1931,801
1932,40509
1933,901
1934,502
1935,602
1936,602
1937,501
1938,1004
1939,501
1940,40505
1941,40509
1942,10306
1943,40501
1944,40501
1945,901
1946,40509
1947,100
1948,203
1949,802
1950,903
1951,40501
1952,602
1953,203
1954,40501
1955,1003
1956,10111
1957,40509
1958,802
1959,602
1960,802
1961,10307
1962,1003
1963,40700
1964,10306
1965,40506
1966,10307
1967,40700
1968,1003
1969,802
1970,10303
1971,40505
1972,40509
1973,10303
1974,802
1975,204
1976,10303
1977,10306
1978,100
1979,502
1980,400
1981,40509
1982,40504
1983,40509
1984,400
1985,901
1986,801
1987,901
1988,501
1989,40507
1990,40504
1991,40505
1992,40506
1993,100
1994,801
1995,901
1996,10111
1997,40506
1998,10307
1999,10109
2000,801
2001,602
2002,10306
2003,40506
2004,400
2005,601
2006,40505
2007,40506
2008,501
2009,40506
2010,501
2011,100
2012,901
2013,1004
2014,802
2015,602
2016,40509
2017,40509
2018,40509
2019,10306
2020,10306
2021,901
2022,203
2023,40501
2024,40509
2025,801
2026,40505
2027,204
2028,10306
2029,10303
2030,602
2031,10303
2032,40505
2033,10303
2034,100
2035,802
2036,40700
2037,802
2038,40507
2039,40506
2040,10308
2041,501
2042,10307
2043,40509
2044,904
2045,100
2046,1003
2047,10308
2048,10308
2049,700
2050,40509
2051,204
2052,203
2053,40509
2054,40509
2055,40509
2056,904
2057,10306
2058,40505
2059,40509
2060,40509
2061,40509
2062,903
2063,203
2064,40501
2065,40509
2066,40505
2067,1003
2068,602
2069,40509
2070,40509
2071,40501
2072,40509
2073,903
2074,40509
2075,40501
2076,40509
2077,904
2078,100
2079,40504
2080,40501
2081,300
2082,801
2083,903
2084,40505
2085,204
2086,904
2087,802
2088,1004
2089,40505
2090,904
2091,400
2092,10109
2093,40505
2094,40505
2095,40505
2096,40505
2097,100
2098,40509
2099,40509
2100,40506
2101,40509
2102,40509
2103,40501
2104,40509
2105,10308
2106,502
2107,40509
2108,40509
2109,40506
2110,40505
2111,40509
2112,40509
2113,100
2114,40504
2115,40505
2116,903
2117,40509
2118,204
2119,10307
2120,801
2121,40509
2122,40509
2123,502
2124,1003
2125,40505
2126,40501
2127,40509
2128,601
2129,1003
2130,40509
2131,901
2132,40509
2133,40509
2134,40509
2135,40509
2136,40505
2137,10306
2138,40509
2139,40509
2140,40501
2141,40509
2142,10303
2143,40504
2144,40504
2145,801
2146,40509
2147,802
2148,40505
2149,40506
2150,10303
2151,300
2152,1003
2153,10306
2154,400
2155,10109
2156,901
2157,10308
2158,601
2159,40505
2160,10109
2161,40509
2162,904
2163,40509
2164,40506
2165,40509
2166,1003
2167,10308
2168,501
2169,40700
2170,10307
2171,204
2172,501
2173,501
2174,502
2175,400
2176,40506
2177,40509
2178,10111
2179,903
2180,40509
2181,40505
2182,40501
2183,40509
2184,501
2185,40509
2186,40506
2187,40506
2188,904
2189,40509
2190,602
2191,40509
2192,700
2193,10307
2194,100
2195,10308
2196,40509
2197,40509
2198,40509
2199,400
2200,40509
2201,100
2202,10308
2203,10308
2204,802
2205,204
2206,10303
2207,100
2208,400
2209,40501
2210,10306
2211,40506
2212,802
2213,40509
2214,40509
2215,903
2216,802
2217,40509
2218,40506
2219,901
2220,400
2221,502
2222,602
2223,40506
2224,904
2225,203
2226,40501
2227,40501
2228,40505
2229,40509
2230,40505
2231,40505
2232,802
2233,904
2234,40509
2235,802
2236,1004
2237,40506
2238,40505
2239,40506
2240,501
2241,904
2242,40509
2243,40507
2244,40506
2245,40509
2246,901
2247,901
2248,10303
2249,802
2250,1003
2251,40700
2252,802
2253,40506
2254,40506
2255,40501
2256,904
2257,801
2258,903
2259,10308
2260,40506
2261,903
2262,400
2263,40509
2264,40504
2265,40509
2266,10111
2267,901
2268,203
2269,501
2270,10306
2271,802
2272,400
2273,40506
2274,40506
2275,40509
2276,10111
2277,40501
2278,901
2279,40504
2280,901
2281,1004
2282,40504
2283,40700
2284,903
2285,10303
2286,40509
2287,40509
2288,400
2289,602
2290,40509
2291,904
2292,802
2293,40505
2294,904
2295,40509
2296,40509
2297,40509
2298,802
2299,40506
2300,802
2301,100
2302,10109
2303,300
2304,40509
2305,904
2306,40505
2307,100
2308,904
2309,801
2310,400
2311,40509
2312,40504
2313,100
2314,40505
2315,904
2316,901
2317,40506
2318,501
2319,40509
2320,901
2321,40506
2322,204
2323,801
2324,40506
2325,40509
2326,801
2327,40509
2328,904
2329,10307
2330,40509
2331,10303
2332,40509
2333,40501
2334,40509
2335,40509
2336,10303
2337,40509
2338,40509
2339,801
2340,801
2341,40509
2342,40509
2343,40700
2344,204
2345,400
2346,40509
2347,40505
2348,40509
2349,40501
2350,40501
2351,10308
2352,40509
2353,40509
2354,40509
2355,40509
2356,40509
2357,40509
2358,10307
2359,10308
2360,901
2361,903
2362,40501
2363,10106
2364,100
2365,40505
2366,10307
2367,40504
2368,602
2369,901
2370,40505
2371,901
2372,40509
2373,40501
2374,801
2375,904
2376,40509
2377,40505
2378,501
2379,40505
2380,40509
2381,40509
2382,40509
2383,40506
2384,40509
2385,40501
2386,1003
2387,802
2388,1003
2389,100
2390,40509
2391,40509
2392,40505
2393,40501
2394,40504
2395,801
2396,40506
2397,400
2398,903
2399,203
2400,10303
2401,1003
2402,802
2403,40504
2404,903
2405,904
2406,10303
2407,203
2408,10303
2409,1003
2410,1003
2411,40504
2412,1003
2413,100
2414,204
2415,10308
2416,601
2417,40501
2418,100
2419,901
2420,40509
2421,100
2422,40501
2423,901
2424,40505
2425,901
2426,40509
2427,40506
2428,40509
2429,40501
2430,40509
2431,100
2432,40505
2433,100
2434,40509
2435,901
2436,802
2437,904
2438,10303
2439,40504
2440,204
2441,1004
2442,40509
2443,40504
2444,100
2445,602
2446,901
2447,203
2448,40506
2449,100
2450,904
2451,501
2452,40509
2453,40509
2454,40501
2455,40504
2456,10307
2457,700
2458,40509
2459,1003
2460,40509
2461,40505
2462,40506
2463,40504
2464,10308
2465,40509
2466,40509
2467,40509
2468,801
2469,10306
2470,602
2471,601
2472,903
2473,40509
2474,40509
2475,40501
2476,40505
2477,40505
2478,10308
2479,502
2480,802
2481,40504
2482,40509
2483,400
2484,40505
2485,400
2486,602
2487,901
2488,40504
2489,204
2490,40509
2491,40505
2492,40509
2493,10308
2494,904
2495,40509
2496,901
2497,1004
2498,40504
2499,204
2500,40505
2501,40501
2502,904
2503,10308
2504,40509
2505,501
2506,802
2507,40509
2508,904
2509,1004
2510,40509
2511,40509
2512,1003
2513,602
2514,1003
2515,203
2516,501
2517,40505
2518,40505
2519,40505
2520,40509
2521,40505
2522,40505
2523,40505
2524,40505
2525,10307
2526,40509
2527,40700
2528,100
2529,40700
2530,10307
2531,901
2532,802
2533,400
2534,40505
2535,10303
2536,10308
2537,602
2538,40509
2539,40504
2540,40506
2541,904
2542,40504
2543,40504
2544,10303
2545,901
2546,40506
2547,40505
2548,10307
2549,40501
2550,40509
2551,801
2552,40509
2553,904
2554,40509
2555,40509
2556,602
2557,40509
2558,40509
2559,40501
2560,400
2561,10306
2562,901
2563,40504
2564,602
2565,903
2566,40501
2567,802
2568,40501
2569,903
2570,100
2571,40501
2572,903
2573,1003
2574,40509
2575,40509
2576,40506
2577,40506
2578,400
2579,802
2580,40506
2581,40505
2582,10306
2583,501
2584,40504
2585,801
2586,40505
2587,40501
2588,602
2589,400
2590,10308
2591,204
2592,1003
2593,802
2594,901
2595,801
2596,40504
2597,801
2598,801
2599,802
2600,10303
2601,10308
2602,100
2603,204
2604,1003
2605,100
2606,40506
2607,1003
2608,40509
2609,40506
2610,10303
2611,904
2612,40509
2613,40509
2614,601
2615,40700
2616,40504
2617,601
2618,40506
2619,10303
2620,10303
2621,10303
2622,40509
2623,10306
2624,400
2625,100
2626,40504
2627,40509
2628,40509
2629,901
2630,40509
2631,400
2632,40501
2633,40504
2634,901
2635,1004
2636,602
2637,400
2638,400
2639,40509
2640,903
2641,100
2642,10303
2643,801
2644,10307
2645,10303
2646,901
2647,40509
2648,40509
2649,601
2650,40509
2651,40505
2652,40509
2653,40501
2654,40501
2655,40501
2656,40509
2657,502
2658,40505
2659,40504
2660,40509
2661,40505
2662,10308
2663,203
2664,1003
2665,40509
2666,501
2667,40700
2668,40505
2669,10111
2670,502
2671,300
2672,300
2673,40509
2674,300
2675,40504
2676,40509
2677,40505
2678,40501
2679,40504
2680,40509
2681,40509
2682,40509
2683,1003
2684,40509
2685,802
2686,100
2687,40509
2688,204
2689,10306
2690,40509
2691,40501
2692,10306
2693,40504
2694,10106
2695,901
2696,100
2697,300
2698,40509
2699,904
2700,203
2701,502
2702,700
2703,40505
2704,40501
2705,1003
2706,1003
2707,10303
2708,700
2709,501
2710,40506
2711,40509
2712,903
2713,300
2714,40504
2715,40504
2716,40504
2717,904
2718,700
2719,501
2720,904
2721,901
2722,40501
2723,40509
2724,100
2725,903
2726,700
2727,203
2728,904
2729,901
2730,901
2731,100
2732,10306
2733,802
2734,40506
2735,1004
2736,40504
2737,40501
2738,400
2739,40505
2740,40509
2741,40504
2742,204
2743,802
2744,40501
2745,40509
2746,602
2747,801
2748,502
2749,801
2750,801
2751,40501
2752,901
2753,40509
2754,40509
2755,40509
2756,901
2757,10303
2758,10308
2759,802
2760,802
2761,10303
2762,10303
2763,901
2764,1004
2765,40505
2766,40505
2767,40504
2768,10303
2769,802
2770,10303
2771,40504
2772,1004
2773,901
2774,802
2775,40509
2776,901
2777,901
2778,100
2779,901
2780,40504
2781,40501
2782,40504
2783,40509
2784,100
2785,203
2786,10303
2787,904
2788,502
2789,400
2790,903
2791,10303
2792,40506
2793,602
2794,40509
2795,40509
2796,904
2797,40509
2798,40509
2799,40509
2800,802
2801,501
2802,802
2803,40505
2804,10308
2805,40501
2806,801
2807,802
2808,40505
2809,10303
2810,10109
2811,204
2812,203
2813,400
2814,40509
2815,400
2816,40509
2817,10308
2818,40509
2819,40700
2820,40505
2821,40509
2822,300
2823,901
2824,40504
2825,802
2826,1003
2827,10308
2828,40509
2829,40504
2830,40509
2831,10109
2832,40505
2833,904
2834,10306
2835,801
2836,904
2837,40509
2838,40501
2839,802
2840,204
2841,40505
2842,10308
2843,10308
2844,10303
2845,10308
2846,903
2847,1003
2848,904
2849,502
2850,802
2851,100
2852,40501
2853,100
2854,1004
2855,40509
2856,203
2857,901
2858,40505
2859,10107
2860,10308
2861,40505
2862,10306
2863,1004
2864,40505
2865,10308
2866,203
2867,904
2868,40506
2869,40506
2870,40504
2871,40504
2872,802
2873,40504
2874,100
2875,40506
2876,40504
2877,40506
2878,1003
2879,802
2880,501
2881,1004
2882,10303
2883,40501
2884,802
2885,40509
2886,1004
2887,400
2888,904
2889,40506
2890,40509
2891,901
2892,400
2893,40504
2894,40509
2895,40509
2896,10307
2897,40506
2898,40504
2899,802
2900,10303
2901,40505
2902,40501
2903,10308
2904,40505
2905,40501
2906,40501
2907,501
2908,40506
2909,1004
2910,40509
2911,501
2912,901
2913,204
2914,40501
2915,10303
2916,40506
2917,40505
2918,40505
2919,40505
2920,400
2921,40501
2922,802
2923,40505
2924,10308
2925,100
2926,40504
2927,802
2928,40509
2929,801
2930,40509
2931,40509
2932,10307
2933,40501
2934,40509
2935,10307
2936,1004
2937,40506
2938,10109
2939,10307
2940,602
2941,601
2942,100
2943,300
2944,901
2945,1004
2946,40509
2947,602
2948,10303
2949,40505
2950,40506
2951,1003
2952,10306
2953,40504
2954,100
2955,10306
2956,100
2957,1003
2958,40506
2959,40509
2960,40509
2961,203
2962,40504
2963,1004
2964,40506
2965,1003
2966,903
2967,10306
2968,802
2969,100
2970,501
2971,1003
2972,501
2973,10306
2974,204
2975,10303
2976,40509
2977,10307
2978,100
2979,40505
2980,1004
2981,501
2982,802
2983,400
2984,904
2985,100
2986,1004
2987,901
2988,100
2989,40700
2990,100
2991,40501
2992,904
2993,400
2994,40509
2995,203
2996,100
2997,901
2998,204
2999,501
3000,100
3001,40509
3002,901
3003,10303
3004,801
3005,400
3006,40509
3007,10307
3008,400
3009,802
3010,501
3011,40504
3012,501
3013,40506
3014,10303
3015,10307
3016,10307
3017,40509
3018,1004
3019,10307
3020,1003
3021,601
3022,901
3023,10303
3024,40509
3025,901
3026,400
3027,40509
3028,40509
3029,901
3030,40501
3031,40504
3032,40509
3033,40509
3034,10303
3035,40509
3036,10307
3037,40509
3038,901
3039,300
3040,40501
3041,1004
3042,10303
3043,801
3044,40501
3045,40509
3046,904
3047,10303
3048,10306
3049,904
3050,204
3051,10303
3052,904
3053,40509
3054,501
3055,502
3056,501
3057,100
3058,203
3059,502
3060,204
3061,40509
3062,40509
3063,40501
3064,40509
3065,40505
3066,40505
3067,904
3068,601
3069,904
3070,40506
3071,40505
3072,801
3073,40509
3074,802
3075,40505
3076,40505
3077,100
3078,40504
3079,10303
3080,801
3081,40509
3082,801
3083,10308
3084,40505
3085,1004
3086,901
3087,802
3088,602
3089,904
3090,40509
3091,40501
3092,502
3093,10303
3094,40501
3095,30110
3096,30111
3097,20500
3098,30110
3099,30110
3100,20300
3101,20500
3102,30109
3103,30108
3104,30109
3105,30109
3106,30110
3107,30300
3108,30108
3109,30111
3110,20300
3111,30106
3112,30109
3113,20500
3114,30106
3115,30108
3116,30110
3117,30107
3118,20500
3119,20300
3120,20500
3121,20500
3122,30108
3123,20500
3124,20700
3125,30400
3126,20500
3127,30108
3128,30108
3129,20600
3130,20300
3131,30106
3132,30108
3133,30110
3134,20300
3135,30400
3136,30300
3137,30110
3138,30111
3139,30110
3140,30109
3141,20500
3142,30300
3143,20300
3144,20300
3145,20500
3146,20700
3147,30106
3148,20700
3149,20300
3150,20500
3151,30300
3152,30108
3153,30300
3154,30110
3155,20400
3156,20400
3157,20500
3158,30109
3159,30109
3160,30109
3161,30109
3162,30108
3163,20600
3164,30109
3165,20500
3166,20300
3167,20600
3168,30400
3169,30108
3170,20500
3171,30109
3172,20600
3173,20500
3174,20500
3175,30110
3176,30109
3177,20700
3178,30300
3179,30111
3180,30110
3181,30110
3182,30110
3183,30106
3184,20500
3185,30108
3186,30110
3187,20300
3188,20400
3189,30300
3190,30111
3191,30111
3192,20600
3193,30110
3194,30300
3195,30400
3196,20500
3197,20700
3198,30400
3199,20300
3200,30108
3201,30300
3202,20300
3203,20500
3204,20500
3205,30111
3206,30109
3207,30110
3208,30300
3209,30109
3210,20600
3211,20500
3212,30106
3213,20500
3214,30107
3215,20300
3216,30109
3217,20600
3218,30109
3219,30111
3220,30110
3221,30108
3222,30108
3223,30110
3224,30300
3225,30109
3226,20500
3227,30109
3228,30110
3229,30400
3230,20500
3231,30110
3232,30400
3233,30108
3234,30108
3235,30109
3236,20600
3237,20400
3238,30300
3239,30300
3240,20700
3241,20700
3242,30300
3243,20700
3244,30111
3245,20700
3246,30108
3247,30300
3248,30111
3249,30110
3250,30109
3251,20500
3252,30300
3253,20500
3254,30110
3255,30400
3256,30111
3257,20500
3258,30110
3259,30110
3260,20500
3261,30300
3262,30109
3263,20600
3264,30106
3265,30109
3266,30110
3267,30400
3268,30109
3269,20400
3270,20300
3271,30300
3272,20500
3273,30110
3274,20700
3275,20500
3276,30110
3277,20600
3278,30108
3279,30300
3280,30109
3281,20500
3282,30109
3283,30400
3284,30108
3285,20300
3286,20600
3287,20700
3288,30110
3289,30108
3290,20400
3291,20500
3292,20500
3293,20700
3294,20700
3295,20600
3296,30110
3297,30400
3298,30300
3299,30111
3300,30110
3301,30110
3302,30300
3303,20500
3304,30109
3305,30400
3306,30300
3307,20600
3308,20600
3309,20700
3310,20400
3311,20600
3312,30106
3313,20300
3314,30400
3315,30110
3316,20500
3317,20700
3318,20700
3319,30300
3320,30110
3321,30108
3322,30400
3323,30110
3324,20500
3325,20600
3326,20600
3327,20500
3328,30110
3329,30300
3330,30400
3331,20600
3332,30300
3333,30300
3334,30111
3335,30108
3336,30111
3337,20700
3338,30400
3339,20500
3340,20300
3341,30108
3342,30108
3343,30300
3344,20600
3345,30300
3346,20400
3347,30109
3348,30400
3349,30108
3350,20300
3351,20500
3352,30300
3353,30109
3354,20500
3355,20500
3356,30108
3357,30106
3358,20500
3359,20500
3360,20400
3361,20700
3362,30109
3363,30109
3364,30111
3365,20500
3366,30300
3367,20500
3368,30110
3369,20700
3370,20700
3371,20700
3372,20600
3373,20500
3374,20500
3375,20300
3376,30300
3377,20700
3378,30300
3379,20700
3380,20700
3381,30111
3382,30400
3383,30109
3384,20500
3385,30108
3386,20500
3387,20700
3388,30109
3389,30109
3390,30300
3391,20700
3392,20500
3393,20500
3394,20300
3395,30109
3396,20500
3397,30109
3398,20700
3399,20600
3400,20600
3401,30109
3402,30110
3403,20600
3404,20300
3405,20500
3406,30110
3407,20300
3408,20500
3409,30106
3410,20600
3411,20700
3412,30300
3413,30300
3414,30108
3415,20500
3416,30106
3417,30108
3418,20700
3419,30109
3420,30108
3421,30108
3422,20600
3423,20700
3424,20500
3425,30110
3426,30106
3427,30300
3428,20300
3429,20300
3430,20600
3431,20700
3432,30108
3433,20500
3434,30400
3435,30110
3436,20500
3437,30300
3438,30300
3439,30400
3440,30108
3441,30400
3442,30109
3443,30110
3444,30111
3445,20700
3446,20700
3447,20400
3448,30109
3449,30111
3450,20600
3451,20600
3452,30400
3453,30400
3454,30109
3455,30110
3456,30400
3457,20700
3458,30300
3459,30300
3460,20600
3461,20500
3462,20600
3463,30110
3464,30110
3465,30300
3466,30108
3467,30111
3468,30300
3469,20500
3470,20500
3471,30110
3472,20600
3473,30109
3474,30110
3475,30400
3476,30400
3477,30110
3478,20600
3479,30400
3480,30108
3481,30109
3482,30300
3483,20400
3484,20600
3485,30400
3486,30300
3487,20700
3488,30110
3489,30110
3490,20500
3491,30108
3492,20500
3493,30110
3494,20300
3495,30110
3496,20500
3497,30110
3498,30300
3499,20500
3500,20300
3501,20300
3502,20500
3503,20400
3504,30109
3505,30111
3506,20500
3507,20500
3508,30110
3509,20700
3510,20300
3511,20400
3512,30111
3513,30108
3514,30400
3515,30108
3516,20300
3517,20500
3518,30110
3519,30300
3520,20500
3521,30300
3522,30106
3523,30300
3524,30400
3525,30110
3526,30300
3527,30108
3528,30109
3529,30110
3530,30110
3531,30109
3532,30109
3533,20700
3534,30400
3535,30110
3536,30109
3537,30109
3538,30110
3539,20500
3540,30111
3541,30111
3542,30400
3543,30300
3544,30109
3545,20500
3546,20600
3547,30111
3548,30108
3549,30110
3550,30109
3551,30106
3552,20400
3553,30108
3554,30300
3555,30300
3556,30109
3557,30109
3558,20600
3559,20700
3560,30109
3561,30109
3562,30400
3563,30109
3564,30110
3565,30110
3566,20500
3567,30109
3568,30109
3569,30110
3570,30111
3571,30110
3572,20300
3573,20600
3574,30110
3575,30110
3576,20500
3577,30109
3578,20600
3579,30110
3580,30111
3581,30110
3582,20600
3583,30300
3584,20500
3585,30109
3586,20600
3587,30109
3588,30109
3589,20500
3590,30109
3591,20500
3592,30106
3593,30400
3594,30106
3595,20500
3596,30110
3597,30109
3598,30110
3599,20500
3600,20700
3601,30109
3602,20700
3603,30400
3604,30108
3605,30110
3606,30108
3607,20400
3608,20500
3609,30110
3610,30110
3611,20300
3612,20600
3613,30111
3614,30109
3615,30111
3616,30108
3617,30108
3618,30400
3619,30400
3620,30106
3621,20500
3622,20300
3623,30109
3624,30109
3625,30108
3626,20600
3627,30108
3628,30110
3629,20600
3630,30108
3631,20500
3632,30111
3633,20300
3634,30111
3635,30108
3636,30111
3637,30109
3638,30109
3639,30111
3640,20600
3641,30109
3642,30300
3643,30400
3644,30111
3645,30108
3646,30110
3647,20500
3648,20500
3649,20500
3650,20500
3651,30109
3652,20700
3653,30109
3654,20700
3655,30300
3656,20300
3657,20500
3658,30111
3659,30110
3660,30400
3661,30109
3662,30107
3663,20600
3664,30108
3665,30108
3666,20400
3667,30109
3668,30109
3669,20300
3670,20500
3671,30300
3672,20500
3673,30111
3674,30110
3675,30111
3676,30300
3677,30109
3678,20500
3679,30108
3680,20500
3681,20300
3682,30109
3683,20300
3684,30400
3685,20600
3686,30110
3687,30300
3688,30111
3689,20700
3690,20500
3691,20600
3692,20600
3693,30110
3694,30110
3695,20500
3696,30300
3697,30300
3698,30108
3699,30110
3700,20500
3701,20500
3702,30111
3703,20600
3704,30108
3705,20700
3706,30109
3707,30109
3708,20500
3709,30106
3710,30400
3711,30109
3712,20500
3713,30109
3714,30300
3715,30108
3716,20500
3717,30300
3718,30109
3719,30300
3720,20500
3721,30111
3722,30108
3723,20600
3724,20600
3725,20700
3726,20400
3727,30110
3728,20500
3729,20700
3730,20600
3731,30400
3732,30300
3733,30108
3734,30110
3735,20500
3736,30110
3737,20400
3738,20400
3739,30300
3740,30300
3741,30108
3742,20600
3743,30109
3744,20600
3745,30110
3746,20700
3747,30110
3748,30110
3749,30110
3750,20600
3751,30108
3752,30108
3753,30108
3754,30400
3755,20500
3756,30111
3757,30106
3758,20500
3759,30400
3760,30108
3761,30400
3762,20500
3763,30108
3764,30400
3765,30300
3766,30108
3767,30110
3768,30109
3769,30110
3770,30110
3771,30110
3772,30300
3773,30109
3774,30400
3775,20500
3776,20500
3777,20700
3778,20700
3779,20700
3780,20500
3781,20700
3782,30106
3783,30111
3784,30108
3785,20600
3786,30400
3787,30109
3788,30109
3789,30300
3790,20700
3791,30400
3792,30300
3793,20400
3794,20600
3795,20500
3796,20300
3797,30400
3798,30108
3799,30110
3800,30300
3801,30109
3802,20600
3803,30110
3804,30108
3805,30110
3806,30110
3807,30107
3808,20700
3809,30400
3810,20500
3811,30109
3812,30109
3813,20600
3814,30108
3815,30109
3816,30110
3817,20600
3818,20600
3819,20300
3820,20700
3821,30300
3822,30108
3823,30111
3824,30109
3825,30110
3826,30110
3827,30110
3828,30400
3829,30110
3830,20600
3831,30110
3832,30110
3833,30109
3834,30108
3835,30107
3836,30110
3837,20600
3838,20500
3839,20600
3840,30106
3841,30300
3842,30109
3843,30110
3844,30111
3845,30108
3846,30110
3847,20600
3848,30106
3849,30110
3850,30111
3851,20500
3852,30108
3853,30110
3854,30111
3855,30106
3856,20700
3857,30109
3858,20600
3859,30106
3860,20500
3861,30106
3862,20500
3863,30109
3864,30300
3865,20500
3866,30110
3867,30300
3868,30110
3869,20500
3870,20500
3871,30110
3872,30300
3873,30111
3874,30110
3875,30106
3876,30110
3877,20600
3878,20600
3879,30106
3880,30110
3881,20700
3882,20500
3883,30400
3884,20700
3885,30106
3886,30110
3887,30300
3888,20500
3889,30110
3890,30108
3891,20600
3892,30109
3893,30400
3894,30110
3895,20600
3896,30109
3897,30110
3898,30110
3899,20600
3900,20400
3901,30109
3902,20400
3903,30108
3904,30109
3905,20400
3906,20500
3907,30109
3908,20500
3909,30400
3910,20500
3911,30300
3912,30400
3913,30400
3914,20500
3915,20300
3916,30111
3917,20500
3918,30110
3919,30108
3920,20600
3921,20600
3922,30110
3923,30110
3924,30110
3925,20500
3926,30109
3927,30110
3928,30111
3929,30110
3930,30108
3931,20700
3932,30108
3933,30107
3934,30110
3935,30109
3936,30110
3937,30110
3938,30110
3939,30109
3940,30108
3941,30111
3942,20700
3943,30110
3944,30300
3945,30110
3946,30106
3947,30300
3948,20600
3949,20700
3950,30300
3951,20500
3952,30110
3953,30110
3954,30110
3955,30110
3956,30400
3957,30109
3958,20300
3959,20500
3960,30110
3961,30109
3962,30111
3963,20300
3964,30110
3965,30300
3966,30110
3967,30110
3968,30400
3969,30110
3970,30110
3971,30110
3972,30300
3973,20300
3974,30300
3975,20500
3976,30110
3977,30300
3978,30111
3979,30111
3980,30109
3981,30109
3982,30111
3983,20600
3984,30110
3985,30300
3986,20600
3987,30108
3988,30110
3989,20500
3990,20300
3991,20500
3992,20500
3993,30107
3994,30300
3995,30300
3996,20700
3997,30110
3998,30108
3999,30110
4000,30106
4001,30110
4002,30108
4003,30110
4004,30300
4005,20700
4006,30106
4007,30106
4008,30111
4009,30110
4010,30110
4011,20500
4012,30108
4013,20300
4014,30111
4015,30110
4016,20600
4017,30110
4018,20600
4019,30109
4020,30110
4021,30109
4022,20500
4023,30110
4024,30110
4025,30300
4026,30109
4027,30109
4028,30110
4029,30110
4030,30109
4031,20300
4032,30109
4033,30109
4034,30300
4035,30108
4036,30400
4037,20500
4038,20500
4039,20500
4040,30108
4041,20500
4042,20600
4043,30109
4044,20500
4045,30110
4046,30106
4047,30110
4048,20600
4049,30110
4050,20500
4051,30109
4052,30109
4053,30109
4054,30109
4055,30107
4056,30110
4057,20700
4058,30300
4059,30106
4060,30109
4061,30110
4062,30110
4063,30109
4064,30110
4065,30110
4066,30110
4067,30109
4068,20700
4069,30109
4070,30108
4071,30111
4072,30108
4073,30110
4074,20300
4075,20500
4076,30110
4077,20300
4078,20500
4079,30400
4080,30108
4081,30109
4082,20400
4083,30300
4084,30109
4085,30109
4086,20500
4087,30110
4088,30400
4089,20300
4090,30108
4091,30109
4092,30108
4093,30110
4094,30106
4095,30400
4096,30110
4097,20600
4098,30108
4099,30300
4100,20600
4101,30110
4102,30109
4103,30300
4104,20300
4105,30400
4106,30107
4107,30108
4108,30400
4109,30109
4110,30109
4111,30400
4112,20300
4113,30400
4114,30300
4115,20600
4116,30108
4117,30109
4118,30108
4119,30109
4120,30111
4121,20500
4122,20600
4123,20500
4124,30300
4125,20300
4126,20600
4127,30400
4128,30108
4129,30110
4130,30106
4131,30110
4132,20500
4133,20400
4134,30110
4135,20600
4136,30108
4137,20600
4138,30108
4139,20700
4140,30109
4141,30400
4142,30110
4143,30110
4144,30110
4145,30110
4146,20300
4147,30110
4148,30300
4149,20600
4150,30300
4151,30111
4152,30110
4153,30300
4154,30108
4155,30109
4156,30300
4157,20500
4158,30400
4159,20500
4160,30110
4161,30109
4162,20600
4163,30108
4164,30111
4165,30110
4166,20700
4167,30109
4168,30108
4169,30109
4170,30111
4171,30110
4172,20600
4173,30108
4174,30106
4175,30108
4176,30300
4177,20500
4178,30108
4179,20600
4180,30111
4181,30110
4182,30110
4183,30400
4184,20700
4185,20600
4186,20500
4187,30400
4188,30300
4189,20500
4190,30300
4191,30109
4192,20600
4193,30106
4194,30110
4195,30109
4196,20700
4197,30111
4198,20300
4199,30110
4200,20500
4201,30108
4202,30109
4203,30109
4204,30106
4205,20600
4206,30108
4207,30110
4208,30109
4209,30109
4210,30111
4211,20500
4212,30109
4213,30111
4214,30109
4215,20700
4216,30300
4217,30110
4218,30106
4219,30108
4220,20700
4221,20500
4222,30400
4223,30108
4224,20500
4225,20500
4226,30108
4227,20300
4228,30110
4229,30300
4230,30110
4231,30109
4232,20500
4233,30300
4234,20300
4235,20600
4236,30110
4237,30400
4238,30400
4239,30108
4240,30106
4241,30109
4242,30110
4243,20300
4244,30109
4245,30110
4246,30300
4247,30110
4248,30300
4249,20500
4250,20500
4251,20400
4252,30107
4253,30300
4254,20700
4255,30108
4256,30108
4257,20600
4258,30300
4259,20500
4260,30109
4261,20600
4262,30110
4263,20300
4264,30300
4265,30400
4266,20500
4267,20500
4268,30110
4269,20300
4270,30109
4271,30300
4272,20300
4273,30107
4274,30106
4275,30107
4276,20500
4277,30110
4278,20700
4279,30109
4280,20600
4281,20500
4282,20700
4283,30107
4284,30108
4285,20600
4286,30400
4287,30108
4288,30110
4289,30110
4290,30300
4291,30109
4292,30110
4293,20500
4294,20300
4295,20400
4296,30110
4297,30300
4298,30109
4299,20600
4300,30110
4301,20600
4302,30106
4303,30110
4304,30110
4305,20600
4306,20300
4307,20600
4308,20300
4309,30110
4310,30109
4311,30111
4312,20500
4313,20500
4314,20500
4315,30108
4316,20500
4317,20600
4318,30109
4319,30300
4320,30106
4321,20500
4322,20500
4323,30108
4324,30109
4325,20500
4326,20500
4327,30110
4328,30111
4329,30300
4330,20400
4331,20700
4332,30110
4333,30110
4334,30110
4335,20700
4336,30110
4337,30110
4338,20300
4339,30300
4340,20500
4341,30300
4342,20500
4343,20600
4344,30300
4345,30110
4346,30106
4347,30300
4348,30106
4349,30300
4350,20400
4351,20700
4352,30300
4353,30108
4354,20500
4355,30110
4356,30300
4357,30111
4358,30109
4359,30110
4360,30109
4361,20500
4362,30110
4363,30108
4364,30108
4365,30108
4366,20300
4367,30109
4368,30109
4369,30110
4370,30108
4371,30110
4372,30300
4373,30110
4374,30106
4375,20500
4376,10205
4377,40507
4378,40508
4379,40507
4380,40502
4381,40507
4382,40507
4383,40508
4384,40800
4385,40800
4386,40502
4387,40502
4388,40502
4389,40507
4390,40507
4391,40502
4392,40502
4393,40507
4394,40508
4395,40508
4396,40502
4397,40502
4398,40507
4399,40507
4400,10205
4401,40502
4402,10109
4403,10206
4404,40800
4405,10109
4406,40502
4407,10205
4408,40507
4409,10205
4410,40507
4411,10201
4412,40507
4413,10206
4414,10109
4415,10205
4416,40800
4417,10206
4418,10110
4419,40507
4420,10109
4421,40507
4422,10201
4423,10201
4424,10201
4425,10201
4426,10201
4427,10201
4428,10201
4429,10201
4430,40502
4431,40508
4432,10205
4433,10109
4434,40507
4435,10110
4436,10205
4437,10206
4438,10201
4439,40502
4440,10110
4441,40507
4442,40502
4443,40508
4444,10206
4445,40507
4446,40508
4447,10109
4448,10201
4449,10110
4450,40508
4451,10110
4452,10110
4453,40502
4454,40800
4455,40502
4456,40502
4457,10206
4458,10205
4459,10110
4460,10109
4461,40502
4462,40502
4463,40502
4464,40502
4465,40800
4466,40507
4467,40508
4468,40800
4469,40502
4470,40502
4471,40507
4472,40508
4473,40502
4474,10110
4475,40508
4476,10201
4477,40502
4478,40507
4479,40800
4480,40502
4481,10201
4482,40502
4483,10206
4484,40507
4485,40507
4486,40502
4487,10205
4488,40507
4489,10110
4490,40507
4491,40507
4492,10205
4493,40502
4494,40502
4495,10206
4496,40508
4497,10109
4498,10201
4499,40508
4500,10201
4501,10205
4502,40800
4503,10205
4504,40502
4505,40502
4506,10201
4507,10201
4508,10201
4509,40502
4510,10206
4511,40502
4512,40508
4513,40508
4514,40800
4515,10201
4516,10110
4517,10201
4518,10110
4519,40502
4520,10201
4521,10201
4522,40507
4523,10201
4524,10206
4525,10206
4526,10206
4527,10206
4528,10205
4529,40507
4530,40502
4531,10109
4532,10201
4533,10201
4534,40508
4535,10206
4536,10201
4537,40502
4538,10206
4539,10205
4540,40502
4541,10109
4542,10110
4543,10205
4544,10201
4545,10206
4546,10206
4547,10205
4548,10110
4549,40502
4550,40508
4551,10110
4552,10206
4553,40507
4554,40502
4555,10109
4556,40502
4557,10205
4558,10205
4559,10205
4560,10109
4561,10206
4562,10110
4563,10110
4564,40502
4565,10205
4566,40502
4567,10206
4568,40502
4569,40507
4570,10201
4571,40502
4572,40502
4573,10206
4574,10206
4575,40502
4576,10206
4577,10201
4578,10201
4579,40507
4580,10205
4581,40502
4582,40800
4583,10201
4584,10206
4585,40502
4586,40507
4587,40502
4588,10201
4589,10201
4590,10201
4591,40502
4592,40507
4593,40502
4594,40502
4595,40502
4596,40502
4597,40502
4598,40502
4599,40502
4600,40502
4601,10201
4602,40508
4603,40800
4604,40502
4605,10110
4606,40508
4607,10205
4608,40507
4609,10201
4610,10201
4611,40502
4612,40507
4613,40800
4614,10110
4615,10205
4616,10206
4617,40508
4618,10201
4619,10109
4620,40507
4621,40507
4622,40800
4623,40508
4624,40507
4625,40502
4626,40508
4627,10205
4628,40508
4629,40800
4630,40502
4631,40508
4632,10206
4633,40507
4634,10206
4635,40502
4636,40502
4637,40502
4638,10206
4639,10110
4640,10109
4641,10110
4642,40502
4643,10109
4644,40502
4645,40507
4646,40508
4647,10110
4648,40508
4649,40502
4650,10201
4651,40508
4652,10110
4653,40502
4654,40508
4655,40508
4656,10201
4657,10109
4658,40508
4659,10110
4660,40507
4661,10205
4662,10205
4663,40502
4664,40508
4665,10206
4666,40507
4667,40502
4668,40507
4669,40508
4670,10201
4671,10109
4672,10201
4673,40508
4674,10109
4675,40502
4676,40502
4677,40502
4678,40508
4679,40502
4680,40502
4681,10205
4682,10201
4683,10201
4684,10205
4685,10205
4686,40507
4687,40502
4688,40502
4689,40502
4690,10206
4691,10201
4692,10110
4693,10201
4694,10109
4695,10110
4696,40507
4697,40502
4698,40502
4699,10109
4700,40502
4701,40507
4702,40502
4703,10201
4704,10109
4705,10201
4706,40508
4707,10201
4708,40502
4709,10201
4710,10110
4711,40502
4712,40502
4713,40502
4714,10205
4715,10201
4716,10206
4717,40502
4718,40502
4719,40502
4720,40502
4721,10201
4722,10205
4723,10201
4724,10206
4725,10201
4726,40502
4727,40502
4728,40507
4729,40507
4730,40502
4731,40502
4732,40502
4733,10201
4734,10206
4735,10201
4736,40507
4737,40507
4738,40502
4739,10201
4740,10201
4741,40502
4742,10201
4743,40502
4744,40508
4745,40800
4746,40502
4747,40800
4748,40507
4749,10109
4750,10110
4751,40502
4752,10201
4753,40508
4754,10206
4755,10206
4756,40508
4757,40507
4758,40508
4759,10201
4760,40507
4761,10206
4762,10205
4763,40502
4764,10206
4765,40502
4766,40502
4767,40508
4768,10110
4769,10201
4770,40508
4771,40502
4772,10205
4773,40502
4774,40502
4775,40508
4776,40507
4777,10206
4778,10206
4779,10110
4780,40800
4781,10206
4782,40502
4783,40502
4784,40502
4785,40502
4786,10205
4787,40502
4788,10201
4789,10201
4790,10205
4791,40502
4792,10206
4793,10109
4794,40502
4795,10110
4796,40504
4797,10109
4798,40507
4799,10110
4800,10109
4801,40502
4802,10201
4803,10110
4804,40507
4805,10201
4806,10201
4807,40502
4808,10109
4809,40507
4810,40507
4811,40502
4812,40507
4813,10109
4814,10206
4815,10205
4816,40502
4817,10110
4818,40507
4819,40502
4820,40502
4821,40507
4822,40800
4823,10201
4824,40507
4825,10109
4826,40502
4827,40507
4828,40507
4829,40508
4830,40502
4831,10109
4832,40502
4833,40507
4834,40502
4835,40508
4836,10205
4837,10201
4838,40508
4839,10206
4840,40502
4841,40507
4842,40508
4843,40507
4844,10205
4845,40502
4846,10205
4847,40507
4848,40800
4849,40502
4850,40502
4851,40508
4852,40800
4853,40502
4854,40502
4855,10201
4856,10206
4857,40800
4858,40502
4859,40800
4860,10201
4861,40508
4862,40507
4863,40502
4864,40507
4865,40502
4866,10205
4867,10201
4868,40800
4869,40507
4870,10206
4871,40502
4872,10206
4873,10205
4874,10206
4875,10206
4876,40502
4877,40502
4878,10109
4879,40507
4880,40507
4881,40507
4882,40508
4883,40502
4884,40507
4885,40507
4886,40502
4887,40502
4888,10109
4889,40502
4890,10201
4891,10201
4892,40507
4893,10206
4894,10110
4895,10201
4896,10206
4897,10201
4898,40507
4899,10205
4900,10201
4901,10201
4902,40800
4903,10110
4904,10206
4905,40507
4906,40508
4907,40507
4908,40502
4909,40508
4910,10109
4911,10110
4912,10206
4913,10205
4914,40502
4915,40502
4916,10206
4917,10206
4918,10110
4919,10109
4920,10201
4921,10110
4922,10201
4923,40502
4924,10201
4925,10205
4926,40502
4927,10110
4928,40508
4929,10206
4930,40508
4931,40502
4932,10201
4933,40800
4934,40800
4935,40502
4936,10201
4937,10205
4938,10110
4939,10201
4940,10201
4941,10110
4942,10206
4943,10205
4944,10205
4945,40507
4946,40502
4947,10110
4948,10109
4949,10109
4950,10109
4951,10201
4952,40507
4953,10109
4954,40502
4955,40502
4956,10205
4957,10110
4958,40502
4959,40502
4960,40502
4961,40502
4962,40502
4963,40502
4964,10110
4965,40507
4966,40502
4967,10206
4968,40502
4969,40502
4970,10206
4971,40800
4972,10109
4973,40507
4974,10110
4975,40508
4976,10206
4977,10206
4978,40508
4979,10206
4980,40507
4981,40502
4982,40502
4983,40800
4984,40508
4985,40502
4986,40502
4987,10206
4988,10109
4989,40502
4990,40502
4991,10206
4992,40800
4993,10110
4994,40507
4995,40508
4996,40502
4997,40507
4998,10110
4999,10110
5000,40502
5001,40507
5002,10201
5003,40508
5004,10206
5005,10205
5006,10201
5007,40507
5008,10205
5009,40507
5010,10206
5011,10201
5012,10201
5013,40508
5014,40502
5015,40502
5016,40502
5017,40502
5018,40502
5019,10109
5020,10206
5021,40508
5022,40502
5023,40502
5024,10206
5025,10206
5026,10201
5027,10110
5028,10110
5029,40507
5030,10206
5031,10110
5032,40502
5033,40502
5034,40508
5035,10205
5036,40507
5037,40502
5038,40508
5039,40508
5040,40507
5041,40508
5042,40507
5043,10205
5044,40508
5045,40507
5046,10110
5047,10201
5048,40508
5049,40502
5050,40502
5051,40502
5052,10109
5053,10205
5054,40507
5055,40502
5056,40508
5057,10109
5058,10109
5059,40502
5060,40502
5061,10201
5062,40502
5063,10109
5064,40508
5065,10206
5066,40507
5067,10201
5068,40507
5069,40507
5070,40508
5071,40507
5072,40507
5073,10206
5074,40507
5075,40502
5076,40502
5077,40502
5078,10201
5079,10205
5080,10110
5081,10109
5082,10206
5083,10110
5084,10109
5085,40507
5086,10109
5087,40508
5088,10110
5089,10205
5090,40508
5091,40502
5092,10201
5093,40508
5094,10205
5095,10205
5096,40502
5097,40507
5098,10205
5099,40507
5100,40507
5101,40507
5102,40502
5103,40502
5104,10201
5105,40508
5106,40502
5107,40502
5108,40502
5109,10109
5110,40507
5111,10201
5112,40502
5113,40502
5114,40502
5115,40507
5116,10206
5117,40508
5118,10201
5119,10110
5120,40502
5121,40502
5122,40502
5123,10205
5124,40507
5125,40502
5126,10205
5127,40507
5128,10205
5129,10201
5130,40508
5131,40508
5132,10201
5133,10206
5134,40507
5135,10109
5136,10206
5137,40507
5138,40507
5139,40507
5140,40502
5141,40502
5142,10201
5143,10109
5144,40502
5145,10201
5146,40507
5147,10201
5148,40502
5149,10205
5150,10201
5151,40507
5152,10206
5153,40508
5154,40507
5155,10201
5156,40507
5157,40502
5158,40502
5159,10201
5160,10109
5161,10206
5162,40508
5163,40507
5164,40507
5165,40507
5166,40507
5167,40502
5168,10109
5169,10110
5170,10109
5171,40502
5172,40507
5173,40502
5174,10206
5175,40502
5176,10206
5177,40502
5178,40502
5179,10206
5180,40502
5181,10201
5182,10206
5183,40507
5184,40507
5185,40507
5186,40507
5187,40800
5188,10109
5189,40507
5190,10206
5191,10206
5192,10201
5193,40502
5194,40800
5195,40502
5196,40507
5197,10201
5198,40507
5199,40508
5200,10206
5201,10206
5202,10206
5203,10205
5204,40800
5205,10201
5206,10201
5207,10201
5208,40502
5209,40508
5210,10206
5211,40507
5212,10206
5213,40508
5214,40508
5215,10206
5216,40507
5217,40507
5218,40507
5219,40502
5220,40507
5221,40502
5222,10205
5223,10206
5224,10201
5225,40507
5226,40507
5227,40507
5228,40508
5229,10205
5230,40508
5231,10206
5232,40800
5233,40502
5234,40508
5235,40507
5236,40502
5237,40508
5238,40502
5239,40502
5240,40502
5241,10206
5242,40507
5243,40502
5244,10110
5245,10201
5246,40800
5247,10201
5248,10206
5249,40502
5250,40508
5251,40502
5252,10206
5253,40508
5254,40502
5255,40507
5256,10110
5257,10206
5258,40507
5259,40507
5260,40502
5261,10205
5262,40502
5263,10110
5264,40502
5265,40508
5266,40502
5267,40508
5268,40507
5269,10201
5270,40507
5271,40502
5272,40507
5273,10206
5274,40502
5275,10201
5276,40507
5277,10110
5278,40502
5279,40502
5280,40502
5281,40502
5282,40507
5283,40502
5284,10206
5285,40508
5286,40507
5287,40508
5288,10109
5289,10110
5290,40800
5291,10206
5292,40507
5293,40502
5294,10206
5295,40502
5296,40502
5297,10206
5298,40507
5299,40508
5300,40800
5301,10206
5302,40507
5303,40502
5304,10109
5305,10206
5306,10206
5307,10206
5308,10110
5309,40800
5310,10201
5311,40502
5312,40502
5313,10110
5314,40507
5315,40507
5316,40507
5317,10201
5318,10110
5319,40508
5320,10206
5321,40800
5322,40507
5323,40508
5324,40502
5325,10201
5326,40508
5327,40507
5328,40507
5329,10201
5330,10206
5331,40502
5332,40507
5333,40507
5334,40508
5335,40507
5336,40508
5337,40502
5338,40508
5339,40508
5340,40507
5341,40507
5342,40502
5343,40507
5344,40507
5345,40502
5346,40507
5347,40502
5348,10201
5349,40507
5350,40800
5351,40502
5352,40502
5353,40502
5354,40502
5355,40507
5356,40507
5357,40502
5358,40507
5359,10206
5360,10201
5361,40800
5362,40508
5363,10110
5364,40502
5365,10201
5366,40508
5367,40502
5368,10206
5369,40502
5370,10201
5371,40502
5372,40508
5373,40508
5374,40507
5375,40507
5376,40800
5377,40508
5378,40502
5379,10110
5380,40507
5381,40502
5382,40507
5383,10206
5384,40507
5385,40507
5386,40502
5387,40508
5388,40508
5389,40508
5390,10206
5391,10110
5392,40502
5393,40502
5394,10201
5395,40502
5396,40507
5397,10206
5398,40502
5399,40502
5400,10206
5401,10205
5402,10206
5403,40507
5404,10201
5405,10110
5406,40502
5407,40502
5408,40502
5409,10205
5410,40502
5411,40507
5412,40502
5413,10201
5414,10205
5415,40502
5416,40502
5417,40507
5418,40507
5419,40502
5420,40502
5421,10201
5422,40508
5423,10109
5424,40508
5425,40502
5426,40502
5427,40507
5428,40507
5429,40502
5430,10205
5431,40507
5432,40507
5433,10205
5434,40502
5435,10205
5436,40507
5437,40502
5438,10109
5439,40502
5440,40502
5441,40508
5442,40507
5443,10205
5444,40502
5445,10205
5446,40502
5447,40507
5448,10110
5449,40502
5450,40508
5451,10205
5452,40507
5453,40502
5454,40507
5455,10205
5456,10201
5457,40508
5458,40508
5459,40508
5460,10110
5461,10201
5462,40508
5463,10206
5464,40508
5465,40508
5466,10206
5467,40502
5468,40502
5469,40502
5470,40502
5471,40508
5472,40507
5473,40507
5474,40502
5475,40800
5476,10109
5477,40502
5478,40502
5479,10205
5480,10205
5481,40502
5482,40508
5483,40507
5484,40507
5485,40502
5486,40502
5487,40502
5488,10109
5489,40507
5490,40502
5491,10206
5492,40502
5493,40508
5494,10206
5495,10201
5496,40502
5497,40502
5498,40502
5499,40502
5500,40507
5501,40502
5502,10206
5503,40800
5504,10201
5505,40507
5506,40502
5507,40507
5508,40502
5509,40507
5510,40508
5511,40507
5512,40502
5513,40502
5514,10206
5515,40508
5516,40508
5517,40502
5518,10110
5519,40508
5520,10206
5521,10110
5522,10205
5523,40502
5524,40502
5525,40508
5526,10205
5527,40508
5528,40508
5529,40508
5530,40508
5531,40508
5532,40502
5533,10110
5534,10109
5535,40502
5536,40508
5537,40507
5538,40502
5539,10109
5540,10205
5541,40502
5542,10201
5543,40502
5544,40507
5545,40502
5546,40507
5547,40502
5548,10206
5549,40508
5550,40502
5551,40502
5552,10206
5553,40502
5554,40508
5555,40508
5556,40508
5557,10205
5558,40507
5559,40507
5560,40507
5561,10205
5562,40507
5563,40507
5564,40507
5565,10201
5566,10201
5567,10110
5568,10205
5569,40507
5570,10109
5571,10201
5572,10109
5573,10205
5574,10201
5575,40508
5576,40507
5577,40502
5578,40502
5579,10201
5580,40502
5581,10206
5582,10201
5583,10201
5584,10201
5585,40502
5586,40800
5587,10206
5588,10206
5589,10110
5590,40507
5591,40507
5592,40507
5593,10109
5594,40502
5595,40502
5596,10205
5597,40507
5598,40502
5599,10109
5600,40507
5601,10201
5602,40502
5603,40507
5604,40507
5605,10109
5606,40502
5607,40508
5608,40502
5609,40507
5610,40502
5611,10110
5612,10206
5613,40508
5614,40502
5615,40507
5616,40508
5617,10206
5618,10206
5619,40507
5620,40507
5621,40502
5622,40508
5623,10109
5624,40507
5625,40502
5626,40508
5627,10109
5628,40502
5629,10109
5630,10201
5631,40507
5632,40507
5633,40502
5634,40508
5635,40502
5636,10205
5637,10109
5638,40502
5639,10206
5640,40507
5641,10206
5642,40508
5643,40502
5644,10201
5645,40800
5646,10201
5647,40502
5648,40502
5649,40800
5650,40507
5651,40502
5652,40508
5653,40502
5654,40508
5655,40502
5656,40507
5657,40507
5658,40507
5659,40507
5660,40507
5661,40507
5662,40508
5663,40508
5664,40502
5665,40502
5666,40502
5667,40502
5668,10206
5669,10201
5670,10109
5671,10206
5672,10206
5673,40507
5674,10109
5675,40502
5676,40800
5677,40800
5678,40507
5679,40507
5680,10109
5681,40502
5682,10206
5683,40502
5684,40502
5685,40502
5686,40502
5687,10109
5688,10206
5689,40507
5690,40502
5691,10201
5692,40502
5693,10201
5694,40502
5695,40508
5696,40508
5697,40507
5698,40508
5699,40502
5700,10205
5701,10109
5702,40502
5703,40502
5704,40507
5705,40507
5706,40507
5707,10109
5708,10205
5709,40800
5710,40502
5711,40502
5712,40507
5713,40508
5714,40502
5715,40502
5716,40502
5717,10201
5718,40502
5719,10201
5720,10205
5721,10205
5722,40507
5723,40507
5724,40507
5725,10201
5726,40507
5727,40507
5728,40502
5729,10205
5730,40508
5731,40502
5732,40502
5733,40800
5734,10205
5735,40800
5736,40507
5737,40508
5738,10110
5739,40502
5740,40502
5741,40800
5742,40507
5743,40507
5744,40800
5745,10201
5746,40507
5747,40502
5748,10205
5749,40507
5750,40507
5751,40507
5752,10201
5753,40508
5754,10201
5755,10205
5756,40507
5757,40502
5758,40507
5759,40502
5760,40800
5761,40508
5762,40502
5763,10201
5764,40507
5765,10201
5766,40508
5767,10201
5768,40800
5769,10205
5770,40502
5771,40502
5772,40502
5773,10206
5774,40502
5775,40502
5776,40502
5777,40502
5778,10201
5779,10206
5780,40508
5781,40800
5782,40507
5783,10206
5784,40508
5785,10205
5786,40508
5787,10206
5788,40508
5789,40507
5790,10206
5791,10201
5792,40502
5793,40505
5794,501
5795,10308
5796,10308
5797,10308
5798,10306
5799,901
5800,10303
5801,300
5802,40800
5803,802
5804,10308
5805,100
5806,300
5807,400
5808,100
5809,100
5810,10303
5811,801
5812,901
5813,10306
5814,10308
5815,40800
5816,903
5817,10307
5818,10303
5819,10308
5820,903
5821,10303
5822,40505
5823,400
5824,40509
5825,10306
5826,903
5827,602
5828,40505
5829,10307
5830,801
5831,10308
5832,10306
5833,204
5834,1004
5835,502
5836,10303
5837,901
5838,40505
5839,10306
5840,501
5841,10308
5842,501
5843,502
5844,204
5845,602
5846,10308
5847,903
5848,10303
5849,10303
5850,10308
5851,1003
5852,100
5853,10111
5854,40505
5855,100
5856,10306
5857,10306
5858,10111
5859,10307
5860,100
5861,10307
5862,400
5863,602
5864,10303
5865,40505
5866,10306
5867,903
5868,901
5869,501
5870,204
5871,1003
5872,10111
5873,10111
5874,40502
5875,1003
5876,10307
5877,10303
5878,901
5879,10306
5880,10307
5881,10111
5882,901
5883,901
5884,400
5885,10307
5886,10111
5887,901
5888,904
5889,203
5890,204
5891,502
5892,1003
5893,10306
5894,10307
5895,400
5896,10306
5897,601
5898,40800
5899,802
5900,1003
5901,10303
5902,10306
5903,40503
5904,204
5905,10308
5906,300
5907,602
5908,802
5909,10303
5910,10110
5911,100
5912,100
5913,10306
5914,10307
5915,901
5916,10306
5917,40505
5918,10307
5919,1003
5920,904
5921,400
5922,502
5923,501
5924,10109
5925,601
5926,1003
5927,1003
5928,100
5929,502
5930,10308
5931,802
5932,901
5933,204
5934,601
5935,40503
5936,901
5937,40509
5938,10306
5939,10306
5940,10303
5941,10306
5942,602
5943,10306
5944,802
5945,1004
5946,1004
5947,10303
5948,40505
5949,10307
5950,10308
5951,801
5952,901
5953,10109
5954,802
5955,10109
5956,904
5957,300
5958,400
5959,10303
5960,10303
5961,10308
5962,203
5963,904
5964,40800
5965,10303
5966,40503
5967,10308
5968,901
5969,10308
5970,100
5971,602
5972,1004
5973,400
5974,204
5975,901
5976,1003
5977,10307
5978,10109
5979,10109
5980,100
5981,10307
5982,10306
5983,204
5984,802
5985,10307
5986,10306
5987,801
5988,501
5989,204
5990,1003
5991,802
5992,901
5993,801
5994,904
5995,100
5996,10307
5997,10111
5998,10111
5999,10111
6000,10109
6001,10109
6002,601
6003,1003
6004,1004
6005,904
6006,100
6007,1004
6008,10111
6009,203
6010,10111
6011,10111
6012,10303
6013,1003
6014,904
6015,1003
6016,1004
6017,40800
6018,40505
6019,10109
6020,10109
6021,10307
6022,10306
6023,10109
6024,40505
6025,801
6026,400
6027,10308
6028,10307
6029,601
6030,10303
6031,100
6032,10306
6033,10303
6034,602
6035,10308
6036,904
6037,10303
6038,901
6039,40503
6040,904
6041,901
6042,1004
6043,10303
6044,10306
6045,40505
6046,801
6047,10303
6048,10303
6049,10308
6050,801
6051,100
6052,1003
6053,300
6054,100
6055,501
6056,801
6057,100
6058,203
6059,204
6060,802
6061,1004
6062,10306
6063,40505
6064,10303
6065,801
6066,204
6067,10307
6068,40505
6069,204
6070,10306
6071,10306
6072,1003
6073,10306
6074,802
6075,1004
6076,1004
6077,801
6078,10308
6079,10303
6080,10306
6081,10306
6082,10111
6083,502
6084,602
6085,10303
6086,1003
6087,802
6088,10303
6089,10303
6090,502
6091,204
6092,10303
6093,903
6094,10303
6095,100
6096,1004
6097,901
6098,801
6099,501
6100,802
6101,10308
6102,901
6103,40503
6104,40509
6105,10303
6106,10306
6107,400
6108,10307
6109,10308
6110,901
6111,10303
6112,40505
6113,10109
6114,10303
6115,801
6116,10111
6117,801
6118,1003
6119,1003
6120,901
6121,10303
6122,802
6123,10303
6124,502
6125,10307
6126,901
6127,10306
6128,10306
6129,904
6130,10306
6131,501
6132,1003
6133,10308
6134,10303
6135,10306
6136,1004
6137,10303
6138,10303
6139,10306
6140,1004
6141,904
6142,40503
6143,802
6144,802
6145,901
6146,601
6147,502
6148,1003
6149,10306
6150,100
6151,901
6152,501
6153,802
6154,601
6155,10308
6156,400
6157,901
6158,10303
6159,10307
6160,400
6161,10303
6162,10303
6163,601
6164,400
6165,10306
6166,204
6167,204
6168,204
6169,901
6170,10303
6171,501
6172,1003
6173,100
6174,501
6175,1003
6176,901
6177,40505
6178,300
6179,901
6180,1003
6181,10307
6182,40509
6183,1003
6184,100
6185,10306
6186,10111
6187,10111
6188,10111
6189,10111
6190,10111
6191,10111
6192,10111
6193,10111
6194,10111
6195,10303
6196,801
6197,904
6198,10303
6199,40509
6200,802
6201,100
6202,204
6203,40505
6204,10308
6205,10303
6206,802
6207,501
6208,10307
6209,901
6210,10307
6211,802
6212,10306
6213,904
6214,204
6215,10303
6216,10303
6217,204
6218,10303
6219,40800
6220,203
6221,40503
6222,400
6223,204
6224,204
6225,602
6226,602
6227,602
6228,602
6229,602
6230,602
6231,602
6232,10308
6233,501
6234,901
6235,100
6236,1004
6237,100
6238,602
6239,802
6240,1003
6241,40800
6242,801
6243,10308
6244,40503
6245,10109
6246,10308
6247,40509
6248,802
6249,10306
6250,10308
6251,901
6252,802
6253,10308
6254,10308
6255,801
6256,20600
6257,602
6258,10308
6259,901
6260,100
6261,801
6262,10303
6263,40509
6264,203
6265,203
6266,400
6267,203
6268,40800
6269,501
6270,901
6271,10308
6272,601
6273,802
6274,901
6275,904
6276,400
6277,1003
6278,10307
6279,501
6280,903
6281,10306
6282,204
6283,100
6284,901
6285,10303
6286,10303
6287,100
6288,901
6289,100
6290,801
6291,904
6292,10306
6293,602
6294,100
6295,1004
6296,901
6297,10303
6298,204
6299,10308
6300,10303
6301,10306
6302,10109
6303,901
6304,40505
6305,100
6306,501
6307,10109
6308,1004
6309,40505
6310,10308
6311,10306
6312,10303
6313,1003
6314,40505
6315,904
6316,602
6317,10303
6318,1004
6319,1004
6320,903
6321,901
6322,904
6323,802
6324,300
6325,904
6326,10306
6327,904
6328,1004
6329,10308
6330,901
6331,1003
6332,10109
6333,904
6334,1003
6335,40509
6336,901
6337,501
6338,10308
6339,501
6340,1004
6341,204
6342,501
6343,10307
6344,901
6345,100
6346,801
6347,10303
6348,10308
6349,501
6350,10109
6351,40700
6352,400
6353,400
6354,100
6355,10306
6356,10303
6357,400
6358,10303
6359,901
6360,10303
6361,10303
6362,1004
6363,502
6364,203
6365,10306
6366,203
6367,802
6368,1004
6369,901
6370,10308
6371,100
6372,10307
6373,501
6374,100
6375,901
6376,100
6377,204
6378,802
6379,501
6380,901
6381,10306
6382,802
6383,802
6384,40509
6385,1003
6386,802
6387,40505
6388,204
6389,904
6390,1004
6391,400
6392,501
6393,10303
6394,10308
6395,10308
6396,801
6397,1004
6398,901
6399,10306
6400,10111
6401,10111
6402,10111
6403,10307
6404,1004
6405,204
6406,903
6407,10303
6408,100
6409,203
6410,602
6411,40505
6412,40800
6413,10303
6414,1004
6415,501
6416,1003
6417,10306
6418,602
6419,100
6420,40505
6421,802
6422,204
6423,400
6424,10111
6425,100
6426,903
6427,10308
6428,400
6429,802
6430,1004
6431,10308
6432,40505
6433,802
6434,10111
6435,904
6436,1004
6437,602
6438,10308
6439,904
6440,40509
6441,10308
6442,10308
6443,10303
6444,10303
6445,300
6446,10111
6447,10111
6448,10111
6449,10303
6450,10308
6451,40800
6452,10303
6453,10109
6454,204
6455,802
6456,10109
6457,40800
6458,10308
6459,10308
6460,501
6461,904
6462,10303
6463,10303
6464,10308
6465,100
6466,100
6467,10109
6468,10303
6469,400
6470,400
6471,300
6472,40509
6473,300
6474,501
6475,10308
6476,10308
6477,904
6478,204
6479,10111
6480,901
6481,300
6482,903
6483,204
6484,10109
6485,10109
6486,602
6487,1004
6488,10303
6489,204
6490,10308
6491,100
6492,901
6493,40800
6494,10307
6495,10307
6496,10307
6497,10307
6498,10308
6499,10307
6500,1004
6501,100
6502,1003
6503,10111
6504,10303
6505,1003
6506,10303
6507,40502
6508,300
6509,100
6510,802
6511,10308
6512,10308
6513,40800
6514,502
6515,100
6516,100
6517,400
6518,40505
6519,901
6520,10306
6521,40800
6522,502
6523,1003
6524,601
6525,10109
6526,10109
6527,10308
6528,204
6529,40505
6530,40503
6531,10307
6532,502
6533,904
6534,1003
6535,10303
6536,1004
6537,502
6538,602
6539,802
6540,10307
6541,100
6542,1004
6543,10303
6544,1004
6545,901
6546,10307
6547,204
6548,400
6549,203
6550,100
6551,10308
6552,1003
6553,400
6554,501
6555,10308
6556,901
6557,901
6558,10308
6559,1004
6560,1003
6561,10306
6562,10308
6563,10308
6564,10308
6565,10303
6566,100
6567,100
6568,802
6569,901
6570,502
6571,502
6572,10303
6573,802
6574,10111
6575,1004
6576,10303
6577,904
6578,10303
6579,203
6580,100
6581,100
6582,903
6583,1003
6584,10303
6585,10303
6586,10303
6587,100
6588,501
6589,40509
6590,901
6591,10307
6592,400
6593,502
6594,10303
6595,10306
6596,40800
6597,203
6598,1004
6599,601
6600,10107
6601,10308
6602,40505
6603,10303
6604,904
6605,901
6606,10303
6607,10306
6608,904
6609,100
6610,901
6611,10303
6612,1003
6613,10306
6614,10303
6615,10307
6616,10307
6617,501
6618,801
6619,10308
6620,20600
6621,40800
6622,10308
6623,40505
6624,204
6625,10308
6626,100
6627,1004
6628,10308
6629,40505
6630,40800
6631,700
6632,700
6633,40509
6634,40506
6635,40509
6636,40509
6637,40504
6638,901
6639,40506
6640,901
6641,801
6642,400
6643,10308
6644,400
6645,204
6646,10303
6647,904
6648,203
6649,801
6650,40504
6651,40509
6652,300
6653,40506
6654,40505
6655,40509
6656,10307
6657,40504
6658,100
6659,40509
6660,40509
6661,10303
6662,40505
6663,602
6664,40509
6665,40509
6666,40509
6667,10303
6668,10303
6669,40509
6670,40509
6671,40509
6672,40509
6673,40509
6674,40504
6675,40509
6676,801
6677,40509
6678,40509
6679,40509
6680,501
6681,501
6682,501
6683,903
6684,40505
6685,40509
6686,40509
6687,40509
6688,10308
6689,40506
6690,40509
6691,40509
6692,40509
6693,40506
6694,40509
6695,40509
6696,40509
6697,40509
6698,40509
6699,901
6700,40509
6701,10307
6702,10303
6703,40509
6704,40509
6705,40509
6706,40509
6707,40509
6708,40509
6709,40509
6710,40509
6711,40509
6712,40509
6713,40509
6714,903
6715,100
6716,40505
6717,40509
6718,501
6719,40509
6720,40509
6721,40509
6722,40506
6723,40504
6724,10303
6725,601
6726,40501
6727,40501
6728,901
6729,40509
6730,40501
6731,40509
6732,40509
6733,204
6734,40509
6735,40509
6736,40509
6737,40509
6738,10306
6739,40509
6740,40509
6741,40501
6742,40505
6743,40509
6744,602
6745,204
6746,40509
6747,40509
6748,901
6749,904
6750,40509
6751,40509
6752,40509
6753,501
6754,40505
6755,40505
6756,40505
6757,40505
6758,40505
6759,40509
6760,40700
6761,901
6762,602
6763,10307
6764,40509
6765,801
6766,40509
6767,40501
6768,802
6769,40509
6770,40509
6771,40506
6772,40506
6773,501
6774,40504
6775,40501
6776,602
6777,801
6778,801
6779,801
6780,10303
6781,204
6782,1003
6783,100
6784,1003
6785,10303
6786,904
6787,40509
6788,40509
6789,40700
6790,40506
6791,10303
6792,10303
6793,40509
6794,10306
6795,100
6796,40509
6797,40509
6798,901
6799,40509
6800,400
6801,602
6802,40509
6803,100
6804,10303
6805,801
6806,10303
6807,40509
6808,40509
6809,40509
6810,40509
6811,40501
6812,40501
6813,40501
6814,40509
6815,502
6816,40505
6817,40509
6818,40505
6819,1003
6820,40509
6821,501
6822,502
6823,40509
6824,40504
6825,40509
6826,40505
6827,40501
6828,40504
6829,40509
6830,40509
6831,40509
6832,1003
6833,802
6834,100
6835,40509
6836,204
6837,10306
6838,40509
6839,40501
6840,40504
6841,10106
6842,901
6843,300
6844,40509
6845,904
6846,700
6847,40505
6848,1003
6849,10303
6850,700
6851,501
6852,903
6853,300
6854,40504
6855,40504
6856,40504
6857,700
6858,501
6859,904
6860,40501
6861,40509
6862,100
6863,903
6864,700
6865,203
6866,904
6867,901
6868,901
6869,100
6870,10306
6871,40506
6872,1004
6873,40504
6874,40505
6875,40509
6876,40504
6877,204
6878,802
6879,40501
6880,40509
6881,602
6882,801
6883,801
6884,901
6885,40509
6886,40509
6887,901
6888,10303
6889,802
6890,802
6891,10303
6892,901
6893,1004
6894,40505
6895,40505
6896,40504
6897,10303
6898,802
6899,10303
6900,40504
6901,1004
6902,901
6903,802
6904,40509
6905,901
6906,901
6907,100
6908,901
6909,40504
6910,40501
6911,40504
6912,40509
6913,100
6914,203
6915,10303
6916,904
6917,502
6918,400
6919,903
6920,10303
6921,40506
6922,602
6923,40509
6924,40509
6925,904
6926,40509
6927,40509
6928,40509
6929,802
6930,501
6931,802
6932,40505
6933,10308
6934,40501
6935,801
6936,802
6937,40505
6938,10303
6939,10109
6940,204
6941,203
6942,400
6943,40509
6944,400
6945,40509
6946,10308
6947,40509
6948,40700
6949,40505
6950,40509
6951,300
6952,901
6953,40504
6954,802
6955,1003
6956,40509
6957,40504
6958,40509
6959,10109
6960,40505
6961,904
6962,10306
6963,801
6964,904
6965,40509
6966,40501
6967,802
6968,204
6969,40505
6970,10308
6971,10308
6972,10303
6973,10308
6974,903
6975,1003
6976,904
6977,502
6978,802
6979,100
6980,40501
6981,100
6982,1004
6983,40509
6984,203
6985,901
6986,40505
6987,10107
6988,10308
6989,40505
6990,10306
6991,1004
6992,40505
6993,10308
6994,203
6995,904
6996,40506
6997,40506
6998,40504
6999,40504
7000,802
7001,40504
7002,100
7003,40506
7004,40504
7005,40506
7006,1003
7007,501
7008,1004
7009,10303
7010,40501
7011,802
7012,40509
7013,1004
7014,400
7015,904
7016,40506
7017,40509
7018,901
7019,40504
7020,40509
7021,40509
7022,10307
7023,40506
7024,40504
7025,802
7026,10303
7027,40505
7028,40501
7029,10308
7030,40505
7031,40501
7032,40501
7033,501
7034,40506
7035,1004
7036,40509
7037,501
7038,40501
7039,10303
7040,40506
7041,40505
7042,40505
7043,40505
7044,400
7045,40501
7046,802
7047,40505
7048,10308
7049,100
7050,40504
7051,802
7052,40509
7053,801
7054,40509
7055,40509
7056,10307
7057,40501
7058,40509
7059,10307
7060,1004
7061,40506
7062,10109
7063,10307
7064,602
7065,601
7066,100
7067,300
7068,901
7069,1004
7070,40509
7071,602
7072,10303
7073,40505
7074,40506
7075,1003
7076,10306
7077,40504
7078,100
7079,10306
7080,100
7081,1003
7082,40506
7083,40509
7084,40509
7085,203
7086,40504
7087,1004
7088,40506
7089,1003
7090,903
7091,10306
7092,802
7093,100
7094,501
7095,1003
7096,501
7097,10306
7098,204
7099,10303
7100,40509
7101,10307
7102,100
7103,40505
7104,1004
7105,501
7106,802
7107,400
7108,904
7109,100
7110,1004
7111,901
7112,100
7113,40700
7114,100
7115,40501
7116,904
7117,400
7118,40509
7119,203
7120,100
7121,901
7122,204
7123,501
7124,100
7125,40509
7126,901
7127,10303
7128,801
7129,400
7130,40509
7131,10307
7132,400
7133,802
7134,501
7135,40504
7136,501
7137,40506
7138,10303
7139,10307
7140,10307
7141,40509
7142,1004
7143,10307
7144,1003
7145,601
7146,901
7147,10303
7148,40509
7149,901
7150,400
7151,40509
7152,40509
7153,901
7154,40501
7155,40504
7156,40509
7157,40509
7158,10303
7159,40509
7160,10307
7161,40509
7162,901
7163,300
7164,40501
7165,1004
7166,10303
7167,801
7168,40501
7169,40509
7170,904
7171,10303
7172,10306
7173,904
7174,204
7175,10303
7176,904
7177,40509
7178,501
7179,502
7180,501
7181,100
7182,203
7183,502
7184,204
7185,40509
7186,40509
7187,40501
7188,40505
7189,904
7190,601
7191,904
7192,40506
7193,40505
7194,801
7195,40509
7196,802
7197,40505
7198,40505
7199,100
7200,40504
7201,10303
7202,801
7203,40509
7204,801
7205,10308
7206,40505
7207,1004
7208,901
7209,802
7210,602
7211,904
7212,40509
7213,40501
7214,502
7215,10303
7216,40501
7217,20500
7218,20500
7219,30400
7220,20600
7221,30400
7222,20500
7223,20300
7224,30109
7225,20700
7226,20500
7227,20400
7228,20500
7229,20700
7230,20700
7231,30400
7232,20500
7233,20500
7234,20300
7235,20700
7236,30300
7237,30300
7238,20600
7239,20500
7240,20600
7241,30109
7242,30400
7243,30109
7244,20700
7245,20300
7246,20600
7247,30400
7248,30109
7249,30400
7250,30400
7251,30106
7252,30111
7253,20700
7254,20500
7255,30400
7256,20500
7257,20600
7258,30106
7259,20700
7260,30106
7261,30109
7262,30109
7263,20700
7264,20300
7265,20700
7266,30109
7267,20400
7268,30400
7269,30111
7270,20600
7271,30106
7272,30109
7273,20600
7274,20600
7275,20600
7276,30400
7277,20500
7278,20500
7279,20700
7280,20500
7281,20600
7282,30300
7283,20600
7284,20600
7285,20600
7286,30300
7287,20500
7288,30106
7289,20600
7290,30109
7291,30400
7292,20700
7293,30300
7294,20500
7295,20500
7296,20400
7297,30109
7298,20300
7299,20300
7300,20500
7301,30300
7302,30106
7303,20400
7304,20700
7305,30111
7306,30300
7307,30108
7308,20600
7309,30111
7310,20600
7311,20500
7312,20500
7313,30400
7314,20600
7315,20300
7316,30111
7317,20400
7318,20500
7319,20500
7320,20700
7321,20500
7322,30300
7323,30400
7324,30109
7325,30107
7326,30300
7327,20600
7328,30106
7329,20300
7330,20600
7331,30300
7332,20500
7333,30106
7334,20700
7335,30400
7336,30400
7337,30109
7338,30111
7339,20500
7340,30109
7341,20600
7342,30300
7343,20400
7344,20600
7345,30107
7346,20700
7347,20600
7348,30400
7349,20500
7350,30111
7351,20300
7352,30300
7353,20500
7354,20500
7355,20300
7356,20600
7357,30400
7358,20500
7359,30400
7360,20600
7361,30400
7362,30400
7363,30109
7364,30107
7365,30109
7366,30300
7367,30109
7368,20700
7369,30110
7370,30109
7371,20700
7372,20500
7373,20700
7374,30109
7375,20300
7376,20500
7377,20500
7378,30106
7379,20500
7380,20700
7381,30300
7382,20600
7383,30109
7384,30109
7385,30109
7386,20700
7387,20500
7388,30106
7389,30111
7390,30109
7391,30109
7392,20500
7393,30106
7394,20600
7395,30400
7396,20500
7397,20700
7398,30300
7399,30106
7400,20600
7401,30106
7402,20500
7403,20700
7404,30109
7405,20500
7406,30300
7407,30111
7408,30400
7409,20500
7410,20500
7411,20700
7412,20500
7413,30110
7414,30110
7415,30400
7416,20300
7417,20700
7418,30111
7419,20600
7420,30300
7421,30400
7422,20500
7423,30109
7424,20500
7425,30111
7426,20600
7427,20300
7428,20500
7429,20500
7430,20500
7431,30106
7432,20300
7433,30108
7434,30300
7435,20500
7436,30109
7437,20600
7438,20600
7439,30109
7440,20500
7441,30106
7442,20500
7443,20600
7444,20500
7445,30108
7446,20700
7447,20600
7448,30300
7449,20700
7450,20500
7451,30106
7452,20500
7453,30111
7454,30109
7455,20300
7456,30109
7457,30106
7458,20600
7459,30300
7460,30109
7461,30106
7462,20600
7463,20500
7464,20700
7465,20400
7466,30300
7467,20600
7468,30109
7469,30111
7470,30106
7471,30106
7472,30109
7473,20500
7474,30400
7475,30400
7476,20500
7477,30106
7478,30106
7479,20700
7480,30400
7481,20400
7482,30400
7483,20600
7484,30111
7485,30106
7486,20700
7487,30109
7488,30400
7489,30300
7490,20400
7491,30400
7492,30400
7493,20400
7494,30108
7495,30111
7496,20500
7497,20300
7498,30106
7499,30108
7500,30300
7501,30109
7502,30107
7503,30109
7504,20400
7505,30109
7506,20500
7507,30109
7508,30106
7509,30106
7510,30106
7511,20500
7512,30107
7513,30400
7514,30300
7515,20300
7516,20700
7517,30300
7518,30400
7519,30106
7520,20300
7521,20500
7522,20500
7523,30300
7524,20500
7525,20700
7526,20600
7527,20500
7528,20500
7529,20500
7530,30400
7531,30109
7532,30300
7533,30300
7534,30400
7535,20700
7536,30106
7537,20700
7538,30400
7539,30110
7540,30111
7541,20500
7542,30110
7543,20300
7544,30109
7545,30108
7546,30110
7547,30110
7548,20700
7549,30106
7550,30110
7551,30110
7552,30108
7553,20500
7554,30108
7555,30110
7556,30110
7557,30110
7558,30110
7559,30110
7560,30110
7561,30110
7562,30110
7563,30106
7564,30110
7565,30110
7566,30110
7567,30108
7568,30109
7569,30110
7570,30106
7571,30110
7572,30109
7573,30109
7574,30110
7575,30110
7576,30110
7577,30110
7578,30109
7579,30110
7580,30109
7581,30110
7582,20600
7583,30108
7584,30107
7585,30109
7586,30400
7587,30300
7588,30108
7589,30108
7590,20600
7591,20400
7592,30110
7593,30108
7594,20700
7595,30109
7596,30110
7597,30110
7598,30110
7599,30110
7600,30300
7601,20600
7602,30111
7603,30110
7604,30300
7605,30108
7606,30400
7607,30109
7608,20600
7609,30111
7610,30108
7611,30106
7612,30300
7613,20600
7614,30111
7615,30110
7616,30400
7617,20700
7618,30300
7619,20500
7620,30300
7621,30109
7622,20600
7623,30110
7624,30109
7625,20700
7626,30111
7627,20300
7628,30110
7629,20500
7630,30108
7631,20600
7632,30108
7633,30110
7634,30109
7635,30109
7636,30111
7637,20500
7638,30109
7639,30111
7640,30109
7641,20700
7642,30110
7643,30108
7644,20500
7645,30108
7646,20500
7647,30108
7648,30110
7649,30300
7650,30109
7651,20300
7652,20600
7653,30110
7654,30400
7655,30106
7656,30109
7657,30110
7658,20300
7659,30110
7660,30110
7661,30300
7662,20500
7663,20500
7664,20400
7665,30107
7666,30300
7667,20700
7668,30108
7669,30108
7670,20600
7671,30300
7672,20500
7673,30109
7674,20600
7675,30110
7676,20300
7677,30300
7678,30400
7679,20500
7680,20500
7681,30110
7682,20300
7683,30109
7684,30300
7685,20300
7686,30107
7687,30106
7688,30107
7689,20500
7690,30110
7691,20700
7692,30109
7693,20600
7694,20500
7695,20700
7696,30107
7697,30108
7698,20600
7699,30400
7700,30108
7701,30110
7702,30110
7703,30300
7704,30109
7705,30110
7706,20500
7707,20300
7708,20400
7709,30110
7710,30300
7711,30109
7712,20600
7713,30110
7714,20600
7715,30106
7716,30110
7717,30110
7718,20600
7719,20300
7720,20600
7721,20300
7722,30110
7723,30109
7724,30111
7725,20500
7726,20500
7727,20500
7728,30108
7729,20500
7730,20600
7731,30109
7732,30300
7733,30106
7734,20500
7735,20500
7736,30108
7737,30109
7738,20500
7739,20500
7740,30110
7741,30111
7742,30300
7743,20400
7744,20700
7745,30110
7746,30110
7747,30110
7748,20700
7749,30110
7750,30110
7751,20300
7752,30300
7753,20500
7754,30300
7755,20500
7756,20600
7757,30300
7758,30110
7759,30106
7760,30300
7761,30106
7762,30300
7763,20400
7764,20700
7765,30300
7766,30108
7767,20500
7768,30110
7769,30300
7770,30111
7771,30109
7772,30110
7773,30109
7774,20500
7775,30110
7776,30108
7777,30108
7778,30108
7779,20300
7780,30109
7781,30109
7782,30110
7783,30108
7784,30110
7785,30300
7786,30110
7787,30106
7788,20500
7789,10201
7790,10205
7791,10205
7792,40800
7793,40503
7794,10201
7795,10201
7796,10109
7797,10109
7798,10201
7799,10109
7800,10109
7801,10206
7802,10206
7803,10206
7804,10205
7805,10205
7806,10201
7807,10205
7808,10109
7809,10206
7810,10201
7811,10201
7812,10205
7813,10205
7814,10206
7815,10109
7816,10201
7817,10206
7818,10201
7819,10205
7820,10206
7821,10109
7822,10201
7823,10201
7824,10205
7825,10109
7826,10109
7827,10206
7828,10201
7829,10206
7830,10109
7831,10201
7832,10206
7833,10201
7834,10206
7835,40800
7836,10206
7837,10201
7838,10206
7839,10205
7840,10206
7841,10206
7842,40300
7843,10206
7844,10201
7845,10206
7846,10205
7847,10201
7848,10206
7849,10201
7850,10206
7851,10206
7852,10201
7853,10206
7854,10206
7855,10110
7856,10201
7857,10201
7858,10109
7859,10109
7860,10109
7861,10201
7862,10205
7863,10201
7864,10201
7865,10201
7866,10206
7867,10206
7868,10206
7869,10110
7870,10206
7871,10109
7872,10201
7873,10109
7874,10201
7875,10206
7876,10110
7877,10206
7878,10206
7879,10201
7880,10205
7881,10206
7882,10201
7883,10201
7884,10206
7885,10109
7886,10109
7887,10109
7888,10206
7889,10110
7890,10206
7891,10201
7892,10205
7893,10206
7894,10201
7895,40800
7896,10205
7897,10205
7898,10206
7899,10201
7900,10201
7901,10205
7902,10109
7903,10201
7904,10206
7905,10201
7906,10201
7907,10109
7908,10110
7909,10201
7910,10109
7911,10201
7912,10206
7913,10201
7914,10201
7915,10201
7916,10206
7917,10201
7918,10109
7919,10201
7920,10206
7921,10109
7922,10201
7923,10206
7924,10205
7925,10109
7926,10201
7927,10206
7928,10109
7929,10109
7930,10109
7931,10110
7932,10201
7933,10206
7934,10206
7935,10201
7936,10206
7937,10201
7938,10201
7939,10206
7940,10201
7941,10206
7942,10110
7943,10206
7944,10109
7945,10109
7946,10201
7947,10109
7948,10201
7949,10109
7950,10110
7951,10110
7952,10206
7953,10205
7954,10206
7955,10201
7956,10109
7957,10109
7958,10206
7959,10206
7960,10109
7961,10205
7962,10206
7963,10206
7964,10206
7965,10109
7966,10109
7967,10206
7968,10206
7969,10110
7970,10205
7971,10110
7972,10201
7973,10205
7974,10201
7975,10201
7976,10201
7977,10109
7978,10205
7979,10201
7980,10201
7981,10201
7982,10201
7983,10109
7984,10201
7985,10205
7986,10109
7987,10201
7988,10109
7989,10206
7990,10201
7991,10206
7992,10205
7993,10109
7994,10206
7995,10206
7996,10206
7997,10201
7998,10206
7999,10109
8000,10109
8001,10109
8002,10109
8003,10201
8004,10201
8005,10110
8006,40800
8007,10205
8008,10206
8009,10201
8010,10110
8011,10206
8012,10206
8013,10201
8014,10201
8015,10109
8016,10109
8017,10201
8018,10201
8019,10109
8020,10201
8021,10201
8022,10206
8023,10201
8024,10201
8025,10201
8026,40507
8027,40507
8028,40508
8029,40507
8030,40502
8031,40502
8032,40508
8033,40502
8034,40502
8035,40507
8036,40507
8037,40507
8038,40507
8039,40507
8040,40507
8041,40507
8042,40507
8043,40507
8044,40507
8045,40502
8046,40502
8047,40502
8048,40507
8049,40507
8050,40508
8051,40507
8052,10201
8053,40502
8054,40507
8055,40507
8056,40507
8057,40508
8058,40502
8059,40507
8060,40507
8061,40502
8062,40508
8063,40507
8064,40507
8065,40507
8066,40502
8067,40507
8068,40507
8069,40507
8070,40508
8071,40508
8072,40507
8073,40507
8074,40502
8075,40507
8076,40502
8077,40502
8078,40502
8079,40507
8080,40502
8081,40507
8082,40508
8083,40508
8084,40502
8085,40507
8086,40502
8087,40502
8088,40502
8089,40502
8090,40507
8091,40502
8092,40800
8093,40502
8094,40507
8095,40507
8096,40508
8097,40502
8098,40502
8099,40508
8100,40508
8101,40508
8102,40508
8103,40502
8104,40507
8105,10205
8106,40507
8107,40502
8108,40508
8109,40502
8110,40508
8111,40508
8112,40507
8113,40507
8114,40507
8115,10110
8116,10205
8117,10201
8118,40508
8119,10201
8120,10201
8121,10206
8122,40507
8123,40502
8124,10201
8125,40507
8126,40502
8127,40508
8128,40502
8129,40507
8130,40502
8131,10110
8132,10206
8133,40508
8134,40502
8135,40508
8136,10206
8137,40507
8138,40502
8139,10109
8140,40507
8141,40502
8142,40508
8143,40502
8144,10109
8145,40502
8146,40508
8147,40502
8148,10205
8149,40502
8150,40507
8151,10206
8152,40508
8153,40502
8154,40800
8155,40502
8156,40502
8157,40507
8158,40502
8159,40508
8160,40502
8161,40508
8162,40502
8163,40507
8164,40507
8165,40507
8166,40507
8167,40507
8168,40507
8169,40508
8170,40508
8171,40502
8172,40502
8173,40502
8174,40502
8175,10206
8176,10201
8177,10109
8178,10206
8179,10206
8180,40507
8181,40502
8182,40800
8183,40800
8184,40507
8185,40507
8186,10109
8187,40502
8188,10206
8189,40502
8190,40502
8191,40502
8192,40502
8193,10109
8194,10206
8195,40507
8196,40502
8197,10201
8198,40502
8199,10201
8200,40502
8201,40508
8202,40508
8203,40508
8204,10205
8205,10109
8206,40502
8207,40502
8208,40507
8209,40507
8210,40507
8211,10109
8212,10205
8213,40800
8214,40502
8215,40502
8216,40507
8217,40508
8218,40502
8219,40502
8220,40502
8221,10201
8222,40502
8223,10201
8224,10205
8225,10205
8226,40507
8227,40507
8228,40507
8229,10201
8230,40507
8231,40507
8232,40502
8233,10205
8234,40508
8235,40502
8236,40502
8237,40800
8238,10205
8239,40800
8240,40507
8241,40508
8242,10110
8243,40502
8244,40502
8245,40800
8246,40507
8247,40507
8248,40800
8249,10201
8250,40502
8251,10205
8252,40507
8253,40507
8254,10201
8255,40508
8256,10201
8257,10205
8258,40507
8259,40502
8260,40507
8261,40502
8262,40800
8263,40508
8264,40502
8265,10201
8266,40507
8267,10201
8268,40508
8269,10201
8270,40800
8271,10205
8272,40502
8273,40502
8274,40502
8275,10206
8276,40502
8277,40502
8278,40502
8279,40502
8280,10201
8281,10206
8282,40508
8283,40800
8284,10206
8285,40508
8286,10205
8287,40508
8288,10206
8289,40508
8290,40507
8291,10206
8292,10201
8293,40502
8294,40508
