Period,labor force,unemployment rate,CPI,Median Income,Effective Interest Rate,Houses on Market,Houses Sold in Period,Sales Rate over past Year,Months Remaining Inventory,Seasonally-corrected MRI,Median Market Price in Period,Median Sold Price in Period,Monthly Payment on Median Home Sold in Period,Qualifying Income for Median Home Sold in Period,Affordability Index,Unemployment-adjusted Affordability Index
2000-01-01,102087,3.4,169.3,35802,8.18,500,200,200,2.5,2.5,99900,100000,597.0809814915355,28659.8871115937,124.9202408250838,120.67295263703095
2000-02-01,102215,2.9,170,35802,8.18,500,200,200,2.5,2.5,99900,100000,597.0809814915355,28659.8871115937,124.9202408250838,121.29755384115636
2000-03-01,103070,3.1,171,35802,8.18,500,200,200,2.5,2.5,102900,100000,597.0809814915355,28659.8871115937,124.9202408250838,121.04771335950619
2000-04-01,103170,2.4,170.9,35802,8.18,500,200,200,2.5,2.5,99815,100000,597.0809814915355,28659.8871115937,124.9202408250838,121.92215504528178
2000-05-01,101653,2.1,171.2,35802,8.18,500,200,200,2.5,2.5,99937.5,100000,597.0809814915355,28659.8871115937,124.9202408250838,122.29691576775703
2000-06-01,103326,2.5,172.2,35802,8.18,500,200,200,2.5,2.5,98900,100000,597.0809814915355,28659.8871115937,124.9202408250838,121.79723480445669
2000-07-01,104140,2.1,172.7,35802,8.18,500,200,200,2.5,2.5,98855.5,100000,597.0809814915355,28659.8871115937,124.9202408250838,122.29691576775703
2000-08-01,104107,2.3,172.7,35802,8.18,500,200,200,2.5,2.5,99500,100000,597.0809814915355,28659.8871115937,124.9202408250838,122.04707528610686
2000-09-01,103621,1.9,173.6,35802,8.18,500,200,200,2.5,2.5,99800,100000,597.0809814915355,28659.8871115937,124.9202408250838,122.5467562494072
2000-10-01,103927,1.6,173.9,35802,8.18,500,200,200,2.5,2.5,103900,100000,597.0809814915355,28659.8871115937,124.9202408250838,122.92151697188245
2000-11-01,103863,2.1,174.2,35802,8.18,500,200,200,2.5,2.5,107950,100000,597.0809814915355,28659.8871115937,124.9202408250838,122.29691576775703
2000-12-01,104901,2.1,174.6,35802,8.18,500,200,200,2.5,2.5,108900,100000,597.0809814915355,28659.8871115937,124.9202408250838,122.29691576775703
2001-01-01,104654,3,175.6,35201,7.02,447,101,200,4.425742574257426,2.235,107200,91900,490.1183083276162,23525.678799725578,149.6279886317695,145.13914897281643
2001-02-01,104868,2.9,176,35201,7.02,509,141,200,3.6099290780141846,2.545,109900,101100,539.1834708587813,25880.806601221506,136.01198966626723,132.06764196594548
2001-03-01,105228,3,176.1,35201,7.02,534,181,200,2.9502762430939224,2.67,104900,95773,510.7736751192687,24517.136405724897,143.57712669812594,139.26981289718216
2001-04-01,104112,2.6,176.4,35201,7.02,525,209,200,2.511961722488038,2.625,105000,96650,515.4508650692503,24741.641523324015,142.27431097009435,138.5751788848719
2001-05-01,103373,2,177.3,35201,7.02,562,193,200,2.911917098445596,2.81,106900,98900,527.4504972100244,25317.623866081172,139.03753443134093,136.2567837427141
2001-06-01,105073,2.6,177.7,35201,7.02,558,230,200,2.4260869565217393,2.79,104900,99050,528.250472686076,25356.022688931647,138.8269778420961,135.2174764182016
2001-07-01,106186,2,177.4,35201,7.02,546,201,200,2.716417910447761,2.73,103900,96500,514.6508895931987,24703.242700473536,142.49546274880436,139.64555349382826
2001-08-01,105024,2.2,177.4,35201,7.02,549,228,200,2.4078947368421053,2.745,104900,100227,534.527613588161,25657.32545223173,137.1966850774703,134.17835800576594
2001-09-01,105067,1.8,178.1,35201,7.02,534,218,200,2.44954128440367,2.67,103995,99750,531.9836915743168,25535.21719556721,137.85275343618665,135.37140387433527
2001-10-01,104172,1.8,177.6,35201,7.02,534,159,200,3.358490566037736,2.67,106900,97500,519.9840594335428,24959.234852810056,141.03397082317557,138.4953593483584
2001-11-01,103848,2.2,177.5,35201,7.02,536,225,200,2.382222222222222,2.68,107000,102900,548.7831765714005,26341.592475427227,133.6327711881401,130.69285022200103
2001-12-01,103766,2.6,177.4,35201,7.02,537,165,200,3.2545454545454544,2.685,108900,107900,575.4490257731208,27621.553237109794,127.44033508118274,124.12688636907198
2002-01-01,102938,3.5,177.7,46999,6.57,484,137,185.08333333333334,3.5328467153284673,2.6150382710490767,108785,106723,543.5859906833736,26092.127552801932,180.12712801932076,173.82267853864454
2002-02-01,104431,3.4,178,46999,6.57,508,167,187.83333333333334,3.0419161676646707,2.70452528837622,109081,102000,519.5297269539284,24937.426893788564,188.4677204275095,182.05981793297417
2002-03-01,103785,3.6,178.5,46999,6.57,499,180,187.75,2.772222222222222,2.6577896138482022,108700,99400,506.28681234529887,24301.766992574347,193.39745959362142,186.43515104825104
2002-04-01,104626,3.2,179.3,46999,6.57,475,238,188.91666666666666,1.995798319327731,2.514336127040141,110989,99950,509.0881981278936,24436.233510138893,192.3332414567881,186.17857773017087
2002-05-01,104184,2.5,179.5,46999,6.57,471,228,191.75,2.0657894736842106,2.4563233376792697,114900,108450,552.3823420407209,26514.352417954604,177.25871354177934,172.82724570323487
2002-06-01,105577,3,179.6,46999,6.57,449,224,191,2.0044642857142856,2.350785340314136,114900,106400,541.940813214686,26013.159034304932,180.67394251509373,175.25372423964092
2002-07-01,107407,2.6,180,46999,6.57,431,223,192.83333333333334,1.9327354260089686,2.2350907519446843,116900,111200,566.3892709536944,27186.685005777334,172.87506729861485,168.38031554885086
2002-08-01,107984,2.4,180.5,46999,6.57,410,223,192.25,1.8385650224215246,2.1326397919375815,114900,108500,552.6370134755023,26526.57664682411,177.17702749867254,172.9247788387044
2002-09-01,107063,2.3,180.8,46999,6.57,409,198,190.25,2.0656565656565657,2.1498028909329827,114900,105709.5,538.4238007003559,25844.34243361708,181.85411418657708,177.6714695602858
2002-10-01,106278,2.3,181.2,46999,6.57,437,210,195.33333333333334,2.080952380952381,2.237201365187713,115500,109750,559.0037993450356,26832.182368561713,175.1590659098494,171.13040739392287
2002-11-01,105384,2.4,181.5,46999,6.57,433,189,192.5,2.291005291005291,2.2493506493506494,117021,111998,570.4538270528047,27381.78369853463,171.64331044845414,167.52387099769123
2002-12-01,105558,2.7,181.8,46999,6.57,439,114,187.91666666666666,3.8508771929824563,2.3361419068736144,117790,116950,595.6764859535483,28592.47132577032,164.37543808128234,159.93730125308772
2003-01-01,105499,3.9,182.6,37554,5.72,404,137,187.91666666666666,2.948905109489051,2.149889135254989,116464,113500,528.1549674380727,25351.438437027493,148.13360627754298,142.3563956327188
2003-02-01,105758,3.5,183.6,37554,5.72,407,168,188.91666666666666,2.4226190476190474,2.1543890604322895,115666,114504,532.8269285597277,25575.69257086693,146.83473339360307,141.69551772482697
2003-03-01,105654,3.6,183.9,37554,5.72,410,150,187.66666666666666,2.7333333333333334,2.184724689165187,117500,108741,506.0096855875195,24288.46490820094,154.61660562714272,149.05040782456558
2003-04-01,106600,3.1,183.2,37554,5.72,478,219,187.16666666666666,2.182648401826484,2.553873552983081,117500,113215,526.8287633348141,25287.780640071076,148.50650808197793,143.9028063314366
2003-05-01,106407,2.7,182.9,37554,5.72,469,264,189.75,1.7765151515151516,2.4716732542819497,121270,119450,555.8423864359277,26680.434548924528,140.75482890331628,136.95444852292673
2003-06-01,108662,3.3,183.1,37554,5.72,474,251,191.41666666666666,1.8884462151394423,2.47627340008707,119900,115000,535.1349890341705,25686.479473640185,146.20142880435768,141.37678165381388
2003-07-01,109471,2.7,183.7,37554,5.72,438,310,199.5,1.4129032258064516,2.1954887218045114,121900,116750,543.2783475629515,26077.36068302167,144.00997269808246,140.12170343523422
2003-08-01,109832,2.7,184.5,37554,5.72,424,258,201.16666666666666,1.6434108527131783,2.107705053852527,124900,120500,560.7284015531961,26914.963274553415,139.5283345435778,135.76106951090122
2003-09-01,108780,2.5,185.1,37554,5.72,436,210,201.91666666666666,2.0761904761904764,2.159306644655386,124900,121500,565.3817492839281,27138.32396562855,138.3799531893097,134.92045435957695
2003-10-01,108856,2.3,184.9,37554,5.72,435,234,204.41666666666666,1.858974358974359,2.128006522625357,124900,123400,574.2231099723186,27562.709278671296,136.24930561184058,133.11557158276824
2003-11-01,108765,2.6,185,37554,5.72,423,205,205,2.0634146341463415,2.0634146341463415,124829,114000,530.4816413034387,25463.118782565056,147.48389747808008,143.64931614365
2003-12-01,108426,2.9,185.5,37554,5.72,457,138,207,3.3115942028985508,2.207729468599034,125835,113732.5,529.2368707854679,25403.369797702457,147.83078110919158,143.543688457025
2004-01-01,108743,3.7,186.3,51020,5.72,434,128,205.25,3.390625,2.1144945188794155,127900,120250,559.5650646205131,26859.12310178463,189.9540793147116,182.92577838006727
2004-02-01,109221,3.4,186.7,51020,5.72,494,151,203.83333333333334,3.271523178807947,2.4235486508585447,124900,119000,553.7483799570982,26579.922237940715,191.94939527389974,185.42311583458715
2004-03-01,109589,3.6,187.1,51020,5.72,497,217,209.41666666666666,2.2903225806451615,2.3732590529247912,127950,118200,550.0257017725128,26401.233685080613,193.2485451573102,186.29159753164703
2004-04-01,110651,3,187.4,51020,5.72,518,274,213.83333333333334,1.8905109489051095,2.42244738893219,127900,119900,557.936392914757,26780.946859908334,190.50857412505476,184.79331690130311
2004-05-01,110704,2.6,188.2,51020,5.72,474,293,215.83333333333334,1.6177474402730376,2.196138996138996,129900,122300,569.1044274685136,27317.01251848865,186.7700575436964,181.91403604756027
2004-06-01,111798,3.3,188.9,51020,5.72,484,274,217.66666666666666,1.7664233576642336,2.223583460949464,129900,126075,586.6708151520265,28160.199127297274,181.1776961141707,175.19883214240303
2004-07-01,113700,2.7,189.1,51020,5.72,503,279,215.66666666666666,1.8028673835125448,2.3323029366306027,129900,124900,581.2031315684166,27897.750315283993,182.88213000475636,177.94431249462792
2004-08-01,113716,2.7,189.2,51020,5.72,470,275,216.41666666666666,1.709090909090909,2.1717366191759724,129900,123900,576.5497838376847,27674.389624208867,184.35817625176807,179.38050549297034
2004-09-01,112476,2.5,189.8,51020,5.72,507,250,219.66666666666666,2.028,2.3080424886191198,129900,122950,572.1291034934893,27462.196967687487,185.78265992349793,181.1380934254105
2004-10-01,112683,2.2,190.8,51020,5.72,520,220,218.08333333333334,2.3636363636363638,2.38440962934658,129931,129900,604.4698702220762,29014.55377065966,175.84278704845315,171.97424573338716
2004-11-01,111740,2.5,191.7,51020,5.72,514,209,217.83333333333334,2.45933014354067,2.359602142310635,131900,126000,586.3218140722216,28143.44707546664,181.2855399809053,176.75340148138267
2004-12-01,111020,2.9,191.7,51020,5.72,503,176,221.08333333333334,2.8579545454545454,2.275160196004523,134900,125000,581.6684663414898,27920.086384391507,182.73582430075254,177.43648539603072
2005-01-01,110046,3.6,191.6,44108,5.647077261468632,493,155,221.91666666666666,3.1806451612903226,2.221554637626737,135267.5,132000,609.3659016746576,29249.563280383565,150.79883271139764,145.3700747337873
2005-02-01,111429,3.6,192.4,44108,5.647077261468632,542,141,221.08333333333334,3.8439716312056738,2.4515642668676967,134900,119900,553.5073606878141,26568.353313015075,166.0170635354836,160.0404492482062
2005-03-01,111310,3.7,193.1,44108,5.647077261468632,578,199,220.83333333333334,2.9045226130653266,2.6173584905660374,134900,125000,577.0510432525167,27698.450076120804,159.2435673432359,153.35155535153615
2005-04-01,113355,3,193.7,44108,5.647077261468632,577,315,225,1.8317460317460317,2.5644444444444443,136900,128900,595.0550358019952,28562.64171849577,154.42549199305265,149.79272723326108
2005-05-01,114156,2.6,193.6,44108,5.647077261468632,523,313,225.75,1.670926517571885,2.31672203765227,139900,136900,631.9863025701563,30335.342523367504,145.40135805627818,141.62092274681495
2005-06-01,114627,3.1,193.7,44108,5.647077261468632,518,315,229.83333333333334,1.6444444444444444,2.253807106598985,139900,133000,613.9823100206778,29471.150880992536,149.66500690153748,145.0253916875898
2005-07-01,115088,2.5,194.9,44108,5.647077261468632,532,302,231.66666666666666,1.7615894039735098,2.296402877697842,139900,137900,636.6027109161764,30556.930123976468,144.346960971026,140.73828694675035
2005-08-01,115329,2.5,196.1,44108,5.647077261468632,521,289,231.91666666666666,1.8027681660899655,2.246496586417535,139900,130252,601.2964198858145,28862.2281545191,152.82257407106593,149.00200971928928
2005-09-01,113769,2.4,198.8,44108,5.647077261468632,504,307,236.58333333333334,1.6416938110749186,2.1303275801338497,138362.5,135000,623.215126712718,29914.326082210464,147.44774754003322,143.9090015990724
2005-10-01,113989,2.1,199.1,44108,5.647077261468632,531,228,237.08333333333334,2.3289473684210527,2.239718804920914,135900,133898.5,618.1301529195769,29670.24734013969,148.66070880483716,145.53883391993557
2005-11-01,113378,2.5,198.1,44108,5.647077261468632,558,191,236.16666666666666,2.9214659685863875,2.3627381792519406,138900,133900,618.1370775320959,29670.579721540602,148.65904344962274,144.94256736338218
2005-12-01,113130,2.7,198.1,44108,5.647077261468632,541,160,235.58333333333334,3.38125,2.29642730810046,139900,128900,595.0550358019952,28562.64171849577,154.42549199305265,150.25600370924022
2006-01-01,112544,3.2,199.3,46188,6.236767226226085,515,157,235.25,3.2802547770700636,2.189160467587673,141900,145000,713.2339135885487,34235.22785225034,134.91366319901383,130.59642597664538
2006-02-01,114037,3.4,199.4,46188,6.236767226226085,534,173,238.25,3.086705202312139,2.2413431269674713,139900,131720,647.9115248129907,31099.753191023556,148.51564807058156,143.46611603618177
2006-03-01,114625,3.3,199.7,46188,6.236767226226085,553,197,238,2.8071065989847717,2.323529411764706,139975,132000,649.2888040944031,31165.862596531348,148.20061487770457,143.30999458674032
2006-04-01,114338,2.8,200.7,46188,6.236767226226085,578,265,234.16666666666666,2.181132075471698,2.4683274021352313,141950,140557,691.3794427052803,33186.213249853456,139.17827759454886,135.2812858219015
2006-05-01,115454,2.4,201.3,46188,6.236767226226085,581,284,231.66666666666666,2.045774647887324,2.5079136690647483,142900,133898.5,658.6272495078366,31614.10797637616,146.0993301930716,142.59294626843788
2006-06-01,116392,3,201.8,46188,6.236767226226085,596,301,230.75,1.9800664451827243,2.582881906825569,143792,139500,686.1802134179487,32936.65024406154,140.2328398842796,136.0258546877512
2006-07-01,116540,2.6,202.9,46188,6.236767226226085,594,278,228.75,2.1366906474820144,2.59672131147541,139900,133400,656.1752005014649,31496.409624070315,146.64528608588458,142.83250864765157
2006-08-01,117425,2.4,203.8,46188,6.236767226226085,564,243,226.16666666666666,2.3209876543209877,2.4937361827560798,142900,135500,666.50479511205765,31992.230165378765,144.37255471481186,140.90761340165636
2006-09-01,116385,2.2,202.8,46188,6.236767226226085,552,245,220.75,2.253061224489796,2.5005662514156284,139900,134215,660.1840669812901,31688.835215101928,145.75480508033382,142.5481993685665
2006-10-01,117081,2,201.9,46188,6.236767226226085,576,196,217.25,2.938775510204082,2.6513233601841195,139900,135000,664.0453678238213,31874.17765554342,144.90726788042227,142.0091225228138
2006-11-01,117574,2.4,202,46188,6.236767226226085,590,188,217.33333333333334,3.1382978723404253,2.714723926380368,142072.5,138000,678.8019315532396,32582.492714555498,141.75710988302177,138.35493924582926
2006-12-01,117462,2.7,203.1,46188,6.236767226226085,581,166,218.16666666666666,3.5,2.663101604278075,142072.5,137450,676.0965615361795,32452.634953736615,142.32434458971994,138.4815872857975
2007-01-01,117329,3.5,203.437,44551,6.113759761577234,566,119,214.33333333333334,4.756302521008403,2.6407465007776048,144900,143000,694.2751244025825,33325.20597132396,133.68559533686224,129.00659950007204
2007-02-01,117297,3.3,204.226,44551,6.113759761577234,615,211,217.66666666666666,2.914691943127962,2.8254211332312407,144900,137900,669.5142633224904,32136.684639479536,138.6297326553394,134.05495147771322
2007-03-01,117596,3.4,205.288,44551,6.113759761577234,590,217,218.91666666666666,2.71889400921659,2.695089455652836,144900,142000,689.4200536025645,33092.162572923095,134.62704319134718,130.04972372284138
2007-04-01,117908,3,205.904,44551,6.113759761577234,617,245,217.08333333333334,2.5183673469387755,2.842226487523992,145972.5,142655,692.6001249765762,33244.80599887566,134.00890353069505,129.9886364247742
2007-05-01,118553,2.4,206.755,44551,6.113759761577234,640,292,218,2.191780821917808,2.9357798165137616,144720,141319,686.1137503877521,32933.4600186121,135.2757954215024,132.02917633138634
2007-06-01,119024,3,207.234,44551,6.113759761577234,588,317,218.5,1.8548895899053628,2.691075514874142,144500,140400,681.6519403225356,32719.293135481705,136.1612545097671,132.0764168744741
2007-07-01,119710,2.5,207.603,44551,6.113759761577234,563,261,216.41666666666666,2.157088122605364,2.601463226800154,149900,145250,705.1990337026231,33849.553617725905,131.61473413543067,128.3243657820449
2007-08-01,120161,2.5,207.667,44551,6.113759761577234,578,243,217.16666666666666,2.3786008230452675,2.661550268610898,145500,144800,703.0142518426151,33744.68408844552,132.02375782576863,128.72316388012442
2007-09-01,119570,2.4,208.547,44551,6.113759761577234,525,269,218.66666666666666,1.9516728624535316,2.4009146341463414,143607.5,137900,669.5142633224904,32136.684639479536,138.6297326553394,135.30261907161128
2007-10-01,120033,2.1,209.19,44551,6.113759761577234,544,193,218.58333333333334,2.8186528497409324,2.4887533358749523,141900,144000,699.1301952026005,33558.24936972482,132.75722314702293,129.96932146093545
2007-11-01,120631,2.2,210.834,44551,6.113759761577234,503,211,219.75,2.3838862559241707,2.2889647326507396,139949.5,143000,694.2751244025825,33325.20597132396,133.68559533686224,130.74451223945127
2007-12-01,119957,2.7,211.445,44551,6.113759761577234,480,169,220.41666666666666,2.8402366863905324,2.1776937618147447,139900,130000,631.1592040023477,30295.64179211269,147.05415487054847,143.08369268904366
2008-01-01,119629,3.2,212.174,46532,5.780401681766184,496,124,220.83333333333334,4,2.2460377358490566,144900,138350,648.0375897029638,31105.804305742262,149.59265975774815,144.8056946455002
2008-02-01,120488,3.1,212.687,46532,5.780401681766184,552,176,218.91666666666666,3.1363636363636362,2.5215074229158736,142539,141945,664.876730541288,31914.083065981824,145.80396968885455,141.28404662850005
2008-03-01,120691,3.2,213.448,46532,5.780401681766184,520,194,217.08333333333334,2.6804123711340204,2.3953934740882916,144900,139950,655.5320612860844,31465.53894173205,147.88241856008904,143.1501811661662
2008-04-01,121512,2.7,213.942,46532,5.780401681766184,546,207,214,2.63768115942029,2.5514018691588785,144900,138900,650.6138143096615,31229.463086863754,149.0003202122711,144.97731156653978
2008-05-01,121671,2.6,215.208,46532,5.780401681766184,537,278,214.08333333333334,1.9316546762589928,2.508369015181004,144900,136625,639.9576125274119,30717.96540131577,151.4813868434361,147.54287078550675
2008-06-01,122196,3.2,217.463,46532,5.780401681766184,541,224,206.08333333333334,2.4151785714285716,2.62515163768702,146800,144850,678.4838805093915,32567.226264450794,142.8798376077629,138.30768280431448
2008-07-01,122272,2.8,219.016,46532,5.780401681766184,553,221,202.75,2.502262443438914,2.727496917385943,146062.5,142500,667.476375371683,32038.866017840788,145.23610159638213,141.1694907516834
2008-08-01,122144,3,218.69,46532,5.780401681766184,510,249,204.25,2.0481927710843375,2.4969400244798043,145012.5,143000,669.8183977414083,32151.283091587597,144.72828305933186,140.3864345675519
2008-09-01,121045,2.7,218.877,46532,5.780401681766184,499,186,196.75,2.682795698924731,2.536213468869123,144900,144750,678.0154760354463,32544.742849701426,142.9785456130187,139.1181248814672
2008-10-01,121961,2.4,216.995,46532,5.780401681766184,458,217,199.16666666666666,2.110599078341014,2.299581589958159,145900,141000,660.4503082625074,31701.614796600355,146.78116650698198,143.2584185108144
2008-11-01,121127,2.7,213.153,46532,5.780401681766184,451,145,193.16666666666666,3.110344827586207,2.3347713546160485,145725,137900,645.9297695702111,31004.62893937013,150.08081564528254,146.0286336228599
2008-12-01,120408,3.4,211.398,46532,5.780401681766184,462,124,189.16666666666666,3.725806451612903,2.4422907488986785,144900,148000,693.2386214386603,33275.453829055696,139.83881403705715,135.0842943597972
2009-01-01,120091,4.5,211.933,45483,4.954654670063227,428,106,186.66666666666666,4.037735849056604,2.292857142857143,144900,140000,598.1401799194906,28710.72863613555,158.41813203846988,151.28931609673873
2009-02-01,120709,4.8,212.705,45483,4.954654670063227,484,129,183.08333333333334,3.751937984496124,2.6436049157942647,143562.5,138500,591.731535134639,28403.11368646267,160.13385188004173,152.4474269897997
2009-03-01,120413,5,212.495,45483,4.954654670063227,545,119,177.16666666666666,4.579831932773109,3.0761994355597366,144900,131000,559.6883112103804,26865.03893809826,169.30182049912816,160.83672947417173
2009-04-01,120881,4.4,212.709,45483,4.954654670063227,561,144,172.25,3.8958333333333335,3.2568940493468794,144900,145000,619.5023292023296,29736.11180171182,152.95543783024678,146.22539856571592
2009-05-01,121727,4,213.022,45483,4.954654670063227,590,240,170,2.4583333333333335,3.4705882352941178,143080,136500,583.1866754215033,27992.960420232157,162.4801354240717,155.98093000710884
2009-06-01,121640,4.6,214.79,45483,4.954654670063227,562,319,177,1.761755485893417,3.175141242937853,144900,142000,606.6850396326262,29120.881902366054,156.18689074215342,149.00229376801437
2009-07-01,121686,4.1,214.726,45483,4.954654670063227,558,309,183.66666666666666,1.8058252427184467,3.0381125226860255,145900,146475,625.804163240767,30038.599835556815,151.41517996508475,145.20715758651627
2009-08-01,121517,4,215.445,45483,4.954654670063227,498,303,187.58333333333334,1.6435643564356435,2.65482007996446,144900,141452,604.3437480712271,29008.4999074189,156.791975266421,150.52029625576415
2009-09-01,120625,3.7,215.861,45483,4.954654670063227,499,288,196.08333333333334,1.7326388888888888,2.5448363790905226,144900,141750,605.6169321684843,29069.612744087244,156.46235263058753,150.67324558325578
2009-10-01,121089,3.5,216.509,45483,4.954654670063227,466,276,200.83333333333334,1.6884057971014492,2.3203319502074686,140000,137450,587.2454837852428,28187.78322169165,161.3571370344546,155.7096372382487
2009-11-01,120552,3.7,217.234,45483,4.954654670063227,425,201,205.5,2.1144278606965172,2.068126520681265,142900,137400,587.0318622924143,28177.52939003589,161.41585506103192,155.44346842377374
2009-12-01,119825,4,217.347,45483,4.954654670063227,455,105,204.91666666666666,4.333333333333333,2.220414802765352,142900,152423,651.2165760276323,31258.39564932635,145.5065081082631,139.68624778393257
2010-01-01,121929,4.9,217.488,50088,4.726880328797597,480,95,203.91666666666666,5.052631578947368,2.3539027380465876,145507.5,145000,603.4954444597995,28967.781334070376,172.90934166604308,164.43678392440697
2010-02-01,122008,4.7,217.281,50088,4.726880328797597,549,170,207.33333333333334,3.2294117647058824,2.647909967845659,146700,138000,574.3611816238092,27569.336717942842,181.6801053737409,173.14114042117507
2010-03-01,122731,4.9,217.353,50088,4.726880328797597,578,217,215.16666666666666,2.6635944700460827,2.686289697908598,149900,137250,571.2396534628102,27419.503366214893,182.6728928347996,173.72192108589442
2010-04-01,124266,4,217.403,50088,4.726880328797597,559,351,231.5,1.5925925925925926,2.414686825053996,149900,138000,574.3611816238092,27569.336717942842,181.6801053737409,174.41290115879127
2010-05-01,124070,3.7,217.29,50088,4.726880328797597,435,389,243.66666666666666,1.1182519280205656,1.7852257181942546,153527.5,148000,615.9815571037954,29567.11474098218,169.4044225782179,163.13645894282382
2010-06-01,124187,4.2,217.199,50088,4.726880328797597,415,170,232.25,2.4411764705882355,1.7868675995694294,157000,147250,612.8600289427964,29417.281389254225,170.26726344024615,163.1160383757558
2010-07-01,123214,3.9,217.605,50088,4.726880328797597,473,135,218.75,3.5037037037037035,2.1622857142857144,157000,165000,686.7361954197719,32963.33738014905,151.95063358531058,146.02455887548348
2010-08-01,122169,3.9,217.923,50088,4.726880328797597,483,166,206.91666666666666,2.9096385542168677,2.334273056786146,154900,171450,713.58133760436294,34251.90420500942,146.23420555016767,140.53107153371113
2010-09-01,122025,3.5,218.275,50088,4.726880328797597,503,163,197.25,3.085889570552147,2.550063371356147,149900,145000,603.4954444597995,28967.781334070376,172.90934166604308,166.85751470773155
2010-10-01,122820,3.3,219.035,50088,4.726880328797597,510,165,187.66666666666666,3.090909090909091,2.7175843694493786,149900,146690,610.5292879159172,29305.405819964024,170.91727139938814,165.27700144320832
2010-11-01,122697,3.6,219.59,50088,4.726880328797597,511,161,183.41666666666666,3.1739130434782608,2.786006360745116,149900,148700,618.8949833873944,29706.95920259493,168.60695723992097,162.53710677928382
2010-12-01,122724,4,220.472,50088,4.726880328797597,488,114,183.83333333333334,4.280701754385965,2.6545784224841342,149900,149900,623.8894284449927,29946.69256535965,167.25720174500498,160.56691367520477
2011-01-01,122548,4.6,221.187,52393,4.437914892867031,485,93,183.5,5.21505376344086,2.6430517711171664,153200,148000,595.5556032864949,28586.668957751757,183.2777371768345,174.8469612667001
2011-02-01,122700,4.5,221.898,52393,4.437914892867031,533,116,179.41666666666666,4.594827586206897,2.9707385044124477,150790,159968,643.7151266657704,30898.32607995698,169.56582005258244,161.93535815021622
2011-03-01,123195,4.4,223.046,52393,4.437914892867031,539,146,173.91666666666666,3.691780821917808,3.099185433636799,149900,141500,569.3994450340475,27331.173361634283,191.696855845735,183.26219418852264
2011-04-01,124176,3.9,224.093,52393,4.437914892867031,543,187,160.58333333333334,2.9037433155080214,3.381421899325376,149900,148900,599.1772251983723,28760.50680952187,182.16994695884154,175.06531902744672
2011-05-01,124613,3.5,224.806,52393,4.437914892867031,549,217,145.83333333333334,2.5299539170506913,3.7645714285714282,154900,145500,585.495542420169,28103.786036168116,186.42683919018214,179.90189981852575
2011-06-01,125148,4.2,224.806,52393,4.437914892867031,620,224,150.41666666666666,2.767857142857143,4.121883656509696,156900,153416.5,617.3517311594768,29632.883095654885,176.80696080389987,169.38106845013607
2011-07-01,125196,3.7,225.395,52393,4.437914892867031,638,225,158.16666666666666,2.8355555555555556,4.033719704952582,154850,154900,623.3213712775545,29919.425821322613,175.1136546299,168.6344494085937
2011-08-01,124220,3.8,226.106,52393,4.437914892867031,636,203,161.08333333333334,3.1330049261083746,3.948266942576306,149900,148000,595.5556032864949,28586.668957751757,183.2777371768345,176.31318316411478
2011-09-01,124081,3.5,226.597,52393,4.437914892867031,615,227,166.33333333333334,2.709251101321586,3.697394789579158,151450,152500,613.6637128458816,29455.85821660232,177.86954165358364,171.64410769570821
2011-10-01,124462,3.1,226.75,52393,4.437914892867031,601,220,171.25,2.731818181818182,3.5094890510948904,154900,157901,635.3974683414922,30499.078480391625,171.78551815486605,166.4601670920652
2011-11-01,124497,3.2,227.169,52393,4.437914892867031,592,200,174.58333333333334,2.96,3.3909307875894985,149900,149900,603.2012495449027,28953.65997815533,180.954670461451,175.16412100668455
2011-12-01,123619,3.6,227.223,52393,4.437914892867031,569,164,178.08333333333334,3.4695121951219514,3.195133364529714,149900,163250,656.9219745710831,31532.25477941199,166.15684595510876,160.17519950072483
2012-01-01,121925,4.2,227.842,51525,3.8308522308,519,143,181.91666666666666,3.629370629370629,2.8529546495648193,148150,153000,572.4836448766075,27479.21495407716,187.5053566344882,179.6301316558397
2012-02-01,122797,4.2,228.329,51525,3.8308522308,587,146,185.08333333333334,4.02054794520548,3.1715443493921653,146783,140750,526.6475360547876,25279.081730629805,203.8246505511666,195.2640152280176
2012-03-01,122575,4.1,228.807,51525,3.8308522308,569,220,191.75,2.5863636363636364,2.967405475880052,148900,143950,538.6210501959977,25853.810409407888,199.29364060490934,191.12260134010805
2012-04-01,123829,3.2,229.187,51525,3.8308522308,561,287,199.41666666666666,1.9547038327526132,2.813205181780192,149900,148000,553.7750290309667,26581.2013934864,193.83999706132906,187.63711715536652
2012-05-01,124843,3,228.713,51525,3.8308522308,574,324,207.91666666666666,1.771604938271605,2.760721442885772,154400,145625,544.8884365042873,26154.64495220579,197.00133606919624,191.09129598712036
2012-06-01,125302,3.7,228.524,51525,3.8308522308,575,349,217.41666666666666,1.6475644699140402,2.644691452663856,159500,158000,591.1922607222483,28377.22851466792,181.5716428169411,174.85349203271429
2012-07-01,125389,3.4,228.59,51525,3.8308522308,534,279,220.66666666666666,1.913978494623656,2.419939577039275,158000,158900,594.5598115744635,28538.87095557425,180.54323200174136,174.40476211368215
2012-08-01,124154,3.3,229.918,51525,3.8308522308,536,269,226.75,1.9925650557620818,2.3638368246968025,149900,145000,542.5498595235822,26042.393257131946,197.85047975914966,191.32141392709772
2012-09-01,124455,2.8,231.015,51525,3.8308522308,502,268,230.08333333333334,1.873134328358209,2.1818181818181817,159000,150000,561.258475369223,26940.406817722702,191.25546376717801,185.90031078169702
2012-10-01,125439,2.7,231.638,51525,3.8308522308,500,235,231.08333333333334,2.127659574468085,2.1637216011539846,159900,164900,617.0101505892325,29616.487228283157,173.97404223818498,169.27674309775398
2012-11-01,124580,2.8,231.249,51525,3.8308522308,478,225,233,2.1244444444444444,2.051502145922747,159525,151000,565.0001985383511,27120.009529840856,189.98887129189868,184.6691828957255
2012-12-01,124404,3.3,231.221,51525,3.8308522308,448,163,232.91666666666666,2.7484662576687118,1.9234347048300537,159525,154000,576.2253680457356,27658.81766619531,186.28778938361492,180.1402923339556
2013-01-01,123327,4.3,231.679,51961,4.05882487,415,151,233.5,2.748344370860927,1.777301927194861,159900,149400,574.6675071700213,27584.04034416102,188.3734193819764,180.2733623485514
2013-02-01,124367,3.9,232.937,51961,4.05882487,410,200,238.16666666666666,2.05,1.7214835549335201,165147.5,164364,632.2265739524323,30346.87554971675,171.22355780868844,164.54583905414958
2013-03-01,124476,3.8,232.282,51961,4.05882487,398,227,239.5,1.7533039647577093,1.6617954070981211,164900,160803,618.5291777473959,29689.400531875006,175.015322199631,168.364739956045
2013-04-01,125064,3.4,231.797,51961,4.05882487,421,265,237.5,1.588679245283019,1.7726315789473683,171900,157000,603.9009278828203,28987.244538375373,179.25470608705268,173.16004608009288
2013-05-01,126257,2.9,231.893,51961,4.05882487,419,365,241.75,1.1479452054794521,1.7331954498448812,168900,164700,633.518998868156,30408.91194567149,170.87424927545396,165.9188960464658
2013-06-01,126547,3.5,232.445,51961,4.05882487,411,408,246.58333333333334,1.0073529411764706,1.666779317336938,174900,170000,653.9054633126079,31387.46223900518,165.54699326863098,159.7528485042289
2013-07-01,126773,3.1,232.9,51961,4.05882487,410,337,250.91666666666666,1.2166172106824926,1.6340086350049818,170930,168000,646.2124578618714,31018.197977369826,167.51779080754326,162.3247392925094
2013-08-01,125474,3,233.456,51961,4.05882487,440,302,253.5,1.4569536423841059,1.7357001972386588,169900,166000,638.5194524111348,30648.93371573447,169.5360774437787,164.44999512046533
2013-09-01,125768,2.6,233.544,51961,4.05882487,425,312,256.3333333333333,1.3621794871794872,1.657997399219766,172000,167950,646.0201327256029,31008.96637082894,167.5676621355598,163.21090292003524
2013-10-01,125483,2.4,233.669,51961,4.05882487,453,250,258.3333333333333,1.812,1.7535483870967743,170150,166500,640.442703773819,30741.24978114331,169.0269600940977,164.97031305183933
2013-11-01,125068,2.5,234.1,51961,4.05882487,459,224,258,2.049107142857143,1.7790697674418605,172645,165000,634.6729496857665,30464.301584916793,170.56356882222588,166.2994796016702
2013-12-01,124432,2.9,234.719,51961,4.05882487,397,198,259.8333333333333,2.005050505050505,1.527902501603592,171740,166000,638.5194524111348,30648.93371573447,169.5360774437787,164.6195311979091
2014-01-01,124317,3.5,235.288,53867,4.406964454,370,125,258,2.96,1.434108527131783,171950,147700,592.1852886309839,28424.893854287227,189.5064244606684,182.873699604545
2014-02-01,125096,3.5,235.547,53867,4.406964454,375,172,255.91666666666666,2.1802325581395348,1.4653207424291763,179500,157375,630.9760311327087,30286.84949437002,177.8560692158267,171.63110679327275
2014-03-01,125531,3.3,236.028,53867,4.406964454,397,196,253.83333333333334,2.0255102040816326,1.5640183847669074,196300,163750,656.5358227036128,31513.719489773415,170.93190163566854,165.29114888169147
2014-04-01,126262,2.6,236.468,53867,4.406964454,408,323,258.75,1.263157894736842,1.5768115942028986,187900,172500,691.6178895656379,33197.65869915062,162.26144285704768,158.04264534276444
2014-05-01,127738,2.3,236.918,53867,4.406964454,397,333,256.5,1.1921921921921923,1.5477582846003899,188900,170000,681.5944418907736,32716.533210757134,164.64764054612192,160.86074481356113
2014-06-01,128141,2.8,237.231,53867,4.406964454,418,306,248,1.3660130718954249,1.685483870967742,197637,173450,695.4267996820864,33380.48638474015,161.37272351017998,156.85428725189493
2014-07-01,128836,2.6,237.498,53867,4.406964454,411,331,248,1.241691842900302,1.657258064516129,199045,180000,721.6882325902309,34641.035164331086,155.50054940467066,151.45753512014923
2014-08-01,127148,2.5,237.46,53867,4.406964454,418,272,246.16666666666666,1.536764705882353,1.6980365605958023,194900,174950,701.440868287005,33669.16167777624,159.9891334257829,155.98940509013835
2014-09-01,127866,2.2,237.477,53867,4.406964454,395,282,242.66666666666666,1.400709219858156,1.6277472527472527,199900,177700,712.4666607293558,34198.39971500908,157.5132183052376,154.04792750252236
2014-10-01,128303,2.1,237.43,53867,4.406964454,383,265,244.08333333333334,1.4452830188679244,1.5691362239672242,195900,170755,684.6215230885826,32861.833108251965,163.91964447799901,160.47733194396102
2014-11-01,127696,2.1,236.983,53867,4.406964454,364,241,245.75,1.5103734439834025,1.4811800610376398,199900,174492,699.6045726729699,33581.019488302554,160.40906685028952,157.04047644643344
2014-12-01,127595,2.6,236.252,53867,4.406964454,318,208,246.08333333333334,1.5288461538461537,1.2922451743989163,204400,169950,681.3939729372763,32706.91070098926,164.69608056981892,160.41398247500362
2015-01-01,126846,3.4,234.747,56051,4.074137027,305,138,247.25,2.210144927536232,1.2335692618806875,212619,170045,655.2844056498868,31453.651471194567,178.2018855627361,172.14302145360307
2015-02-01,128169,3.2,235.342,56051,4.074137027,320,208,250.33333333333334,1.5384615384615385,1.2782956058588548,213000,185125,713.3966044043359,34243.03701140812,163.68583190015102,158.44788527934617
2015-03-01,128199,3.1,235.976,56051,4.074137027,306,246,254.58333333333334,1.2439024390243902,1.201963993453355,209900,192201,740.6646361275774,35551.902534123714,157.65963564453597,152.77218693955535
2015-04-01,129254,2.5,236.222,56051,4.074137027,324,347,257.4166666666667,0.9337175792507204,1.2586597604402718,200000,184000,709.0613110622434,34034.94293098768,164.68662842671446,160.5694627160466
2015-05-01,130648,2.3,237.001,56051,4.074137027,334,345,257.6666666666667,0.9681159420289855,1.296248382923674,214398,182900,704.8223575721973,33831.473163465474,165.67708928657987,161.86651623298854
2015-06-01,130508,2.6,237.657,56051,4.074137027,328,369,262.0833333333333,0.8888888888888888,1.2515103338632751,215098.5,199900,770.3334569638178,36976.00593426325,151.58749189852654,147.64621710916484
2015-07-01,131446,2.4,238.034,56051,4.074137027,351,324,261.1666666666667,1.0833333333333333,1.3439693682195277,199900,185694,715.5892994369143,34348.28637297189,163.18426890753312,159.26784645375233
2015-08-01,130506,2.2,238.033,56051,4.074137027,360,292,262.5,1.2328767123287672,1.3714285714285714,198500,185000,712.9149051441034,34219.91544691696,163.79643043521872,160.1929089656439
2015-09-01,130901,2,237.498,56051,4.074137027,364,289,263.0833333333333,1.259515570934256,1.3835920177383594,206432.5,192000,739.8900637171236,35514.72305842193,157.82468557560134,154.6681918640893
2015-10-01,132077,1.8,237.733,56051,4.074137027,372,229,260.4166666666667,1.6244541484716157,1.42848,207660,184900,712.5295457359174,34201.41819532403,163.885016930857,160.93508662610157
2015-11-01,131619,2,238.017,56051,4.074137027,357,256,261.5,1.39453125,1.3652007648183557,215900,195000,751.4508459627036,36069.640606209774,155.39661348982287,152.2886812200264
2015-12-01,132782,2.5,237.761,56051,4.074137027,334,181,258.9166666666667,1.8453038674033149,1.2899903443836498,214900,185000,712.9149051441034,34219.91544691696,163.79643043521872,159.70151967433824
2016-01-01,133023,3.3,237.652,60009,3.8811497457627113,308,168,261.0833333333333,1.8333333333333333,1.1796999680817108,224566,193798,729.5935238999035,35020.48914719537,171.35397437704222,165.69929322259983
2016-02-01,134687,3.1,237.336,60009,3.8811497457627113,325,204,261,1.5931372549019607,1.2452107279693487,229900,194250,731.2951734153926,35102.168323938844,170.9552511007569,165.65563831663343
2016-03-01,134997,3.3,238.08,60009,3.8811497457627113,306,223,258.25,1.3721973094170403,1.1848983543078413,235000,212199,798.8679768523701,38345.662888913765,156.49488228654246,151.33055117108657
2016-04-01,135211,2.5,238.992,60009,3.8811497457627113,324,301,255.25,1.0764119601328903,1.2693437806072478,232624.5,214528,807.63598951072,38766.527496514565,154.79591254438589,150.92601473077625
2016-05-01,136064,2.2,239.557,60009,3.8811497457627113,309,349,255.41666666666666,0.8853868194842407,1.2097879282218598,230900,211006,794.3766762506477,38130.080460031095,157.37968364085393,153.91733060075515
2016-06-01,135779,2.7,240.222,60009,3.8811497457627113,349,337,253.5,1.0356083086053411,1.3767258382642997,230000,205000,771.7658200780205,37044.75936374498,161.99052451864404,157.61678035664065
2016-07-01,136990,2.4,240.101,60009,3.8811497457627113,351,310,252.91666666666666,1.132258064516129,1.3878088962108732,230900,200500,754.8246191494785,36231.58171917497,165.6262220764191,161.65119274658505
2016-08-01,136080,2.4,240.545,60009,3.8811497457627113,385,258,249.91666666666666,1.4922480620155039,1.5405135045015006,237970,210750,793.4129101533796,38083.81968736222,157.5708542174236,153.78915371620542
2016-09-01,136227,2.1,241.176,60009,3.8811497457627113,405,268,248.16666666666666,1.5111940298507462,1.6319677635997314,230000,226400,852.3306422715309,40911.87082903348,146.6786993212104,143.59844663546497
2016-10-01,136308,1.9,241.741,60009,3.8811497457627113,450,257,250.25,1.7509727626459144,1.7982017982017982,227352,209900,790.2129055335439,37930.219465610106,158.2089448609911,155.20297490863226
2016-11-01,135912,2,242.026,60009,3.8811497457627113,438,241,249.16666666666666,1.8174273858921162,1.7578595317725754,219200,201500,758.5893304669323,36412.28786241275,164.804255713757,161.50817059948184
2016-12-01,135744,2.7,242.637,60009,3.8811497457627113,390,206,251.41666666666666,1.8932038834951457,1.5512098110706,218950,206500,777.4128870542011,37315.818578601655,160.81383789986455,156.4718642765682
2017-01-01,136547,3.3,243.62,63353,3.995620608695652,377,125,247.5,3.016,1.5232323232323233,226000,194900,743.9923196973691,35711.63134547372,177.4015848985563,171.54733259690394
2017-02-01,137974,3.2,243.872,63353,3.995620608695652,410,202,248.58333333333334,2.0297029702970297,1.6493462956754945,231630,209950,801.4427271444981,38469.250902935906,164.68477683604962,159.41486397729602
2017-03-01,137420,3.1,243.766,63353,3.995620608695652,399,240,249.83333333333334,1.6625,1.5970647098065376,233900,200770,766.3998872531596,36787.19458815166,172.21481743651253,166.87615809598063
2017-04-01,138206,2.4,244.274,63353,3.995620608695652,384,308,250.83333333333334,1.2467532467532467,1.5308970099667774,239800,202750,773.958146837566,37149.99104820317,170.5330155202398,166.44022314775404
2017-05-01,138492,2,244.069,63353,3.995620608695652,450,338,249.5,1.331360946745562,1.8036072144288577,239900,203887.5,778.3003287957791,37358.4157821974,169.58160209296116,166.18997005110194
2017-06-01,138179,2.5,244.218,63353,3.995620608695652,439,382,252.83333333333334,1.149214659685864,1.7363216875411998,237950,215985.5,824.4820583170659,39575.13879921917,160.08282452631596,156.08075391315805
2017-07-01,139343,2.2,244.28,63353,3.995620608695652,446,298,251.83333333333334,1.4966442953020134,1.771012574454004,239900,218000,832.1720148487761,39944.256712741255,158.60352704921385,155.11424945413114
2017-08-01,138141,2.2,245.205,63353,3.995620608695652,463,248,250.83333333333334,1.8669354838709677,1.8458471760797341,234900,221000,843.623923309998,40493.948318879906,156.45053799424713,153.0086261583737
2017-09-01,137581,1.9,246.551,63353,3.995620608695652,453,287,252.66666666666666,1.578397212543554,1.7928759894459103,229900,217900,831.7902845667355,39925.93365920331,158.6763143493741,155.661464376736
2017-10-01,136549,1.6,246.657,63353,3.995620608695652,431,240,250.83333333333334,1.7958333333333334,1.7182724252491695,226023.5,216500,826.4460606181653,39669.41090967193,159.70239675163336,157.14715840360722
2017-11-01,136274,2,247.378,63353,3.995620608695652,429,209,248.33333333333334,2.0526315789473686,1.72751677852349,227700,210000,801.6335922855184,38478.412429704884,164.6455661748982,161.35265485140022
2017-12-01,135966,2.5,247.736,63353,3.995620608695652,398,156,244.16666666666666,2.551282051282051,1.630034129692833,228500,212450,810.985984195516,38927.32724138477,162.7468528911679,158.67818156888868
2018-01-01,136954,3.2,248.721,65073,4.38486128205128,335,167,247.08333333333334,2.0059880239520957,1.3558178752107926,224900,215000,859.7713599351399,41269.025276886714,157.68000228598817,152.63424221283654
2018-02-01,139083,3.2,249.3,65073,4.38486128205128,440,220,249.33333333333334,2,1.7647058823529411,232700,205450,821.5815158077884,39435.91275877384,165.0094937526768,159.72918995259113
2018-03-01,138823,3.1,249.517,65073,4.38486128205128,442,212,247.16666666666666,2.0849056603773586,1.7882670262980447,235000,213200,852.5732741310319,40923.51715828953,159.0112593409355,154.0819103013665
2018-04-01,138352,2.6,250.275,65073,4.38486128205128,410,316,247.66666666666666,1.2974683544303798,1.6554508748317631,234950,215212.5,860.6211339536806,41309.81442977667,157.524309654353,153.42867760333982
2018-05-01,138733,2,250.786,65073,4.38486128205128,419,361,250.58333333333334,1.1606648199445984,1.672098436980379,237327,219900,879.3661490685455,42209.575155290186,154.1664415256364,151.08311269512367
2018-06-01,138501,2.6,251.152,65073,4.38486128205128,436,341,246.66666666666666,1.278592375366569,1.7675675675675677,233387.5,220500,881.7655110032483,42324.74452815592,153.7469410044782,149.74952053836176
2018-07-01,139367,2.1,251.345,65073,4.38486128205128,443,301,246.91666666666666,1.4717607973421927,1.7941275734053326,229900,211449,845.5711362182578,40587.414538476376,160.3280246843799,156.96113616600792
2018-08-01,138068,2.1,251.735,65073,4.38486128205128,449,277,249.75,1.6209386281588447,1.7977977977977977,230000,221900,887.3640221842212,42593.47306484262,152.77692875839318,149.56861325446692
2018-09-01,137486,1.8,252.183,65073,4.38486128205128,455,259,247.25,1.7567567567567568,1.840242669362993,229104,220000,879.7660427243293,42228.77005076781,154.09636587039748,151.3226312847303
2018-10-01,137716,1.6,252.899,65073,4.38486128205128,481,213,244.5,2.2582159624413145,1.967280163599182,227900,203900,815.3831641431398,39138.39187887071,166.26385724123318,163.60363552537345
2018-11-01,137512,1.8,252.822,65073,4.38486128205128,429,233,245.91666666666666,1.8412017167381973,1.7444933920704846,229900,215000,859.7713599351399,41269.025276886714,157.68000228598817,154.84176224484037
2018-12-01,138271,2.3,252.493,65073,4.38486128205128,388,176,247.33333333333334,2.2045454545454546,1.568733153638814,225000,215550,861.9707750419508,41374.59720201364,157.27766407556229,153.66027780182435
2019-01-01,137409,3.2,252.441,62820,4.51,360,124,243.66666666666666,2.903225806451613,1.4774281805745555,224900,219450,890.5801720554882,42747.848258663435,146.95476511444917,142.2522126307868
2019-02-01,139606,2.9,252.969,62820,4.51,393,190,241.83333333333334,2.068421052631579,1.6250861474844933,232232.5,209000,848.1715924337985,40712.23643682233,154.3025033701716,149.8277307724366
2019-03-01,139331,3,254.147,62820,4.51,403,186,240.33333333333334,2.1666666666666665,1.6768377253814146,240790,236000,957.7439991118489,45971.711957368745,136.64925086595707,132.54977333997834
2019-04-01,139365,2.3,255.326,62820,4.51,407,262,235.16666666666666,1.5534351145038168,1.7306874557051737,240000,220500,894.8413212040791,42952.3834177958,146.2549805186661,142.89111596673678
2019-05-01,140394,2,255.371,62820,4.51,434,352,234.91666666666666,1.2329545454545454,1.8474636395885067,239900,227925,924.9737330405432,44398.73918594607,141.49050435172038,138.66069426468596
2019-06-01,140470,2.4,255.423,62820,4.51,473,354,236.25,1.3361581920903955,2.002116402116402,239250,215000,872.5210161400319,41881.00877472153,149.99638699705054,146.39647370912132
2019-07-01,141581,2.1,255.925,62820,4.51,509,312,236.91666666666666,1.6314102564102564,2.1484347520225113,239000,228950,929.1334262570247,44598.40446033719,140.85705701841388,137.89905882102718
2019-08-01,140738,2,256.118,62820,4.51,504,297,238.83333333333334,1.696969696969697,2.1102581995812977,234900,226000,917.1616262681265,44023.758060870074,142.69567789542418,139.84176433751568
2019-09-01,140748,1.8,256.532,62820,4.51,444,303,241.83333333333334,1.4653465346534653,1.8359751895244658,235000,234999,953.6817035901925,45776.72177232924,137.2313210029228,134.7611572248702
2019-10-01,140783,1.5,257.387,62820,4.51,503,233,244.58333333333334,2.1587982832618025,2.056558773424191,233750,229000,929.3363381212433,44608.14422981968,140.82630220247103,138.71390766943395
2019-11-01,140211,1.7,257.989,62820,4.51,544,229,243.83333333333334,2.3755458515283845,2.2310321257689676,225000,215000,872.5210161400319,41881.00877472153,149.99638699705054,147.4464484181007
2019-12-01,139569,2,258.203,62820,4.51,493,192,244.16666666666666,2.5677083333333335,2.019112627986348,225000,221088,897.2275647272902,43066.92310690993,145.8660045066483,142.94868441651533
2020-01-01,139586,2.9,258.687,64894,2.98,462,127,244,3.6377952755905514,1.8934426229508197,225767.5,226827,763.0934828296979,36628.4871758255,177.16811422894227,172.03023891630295
2020-02-01,141172,2.6,258.824,64894,2.98,471,189,244.25,2.492063492063492,1.9283520982599796,229900,216863,729.5725022457502,35019.480107796015,185.30829070061876,180.49027514240265
2020-03-01,139650,3.1,257.989,64894,2.98,460,261,251,1.7624521072796935,1.8326693227091633,232000,216068,726.8979559225629,34891.10188428302,185.99011351152546,180.22441999266817
2020-04-01,138767,8.3,256.192,64894,2.98,516,310,255.41666666666666,1.664516129032258,2.0202283849918437,239900,232250,781.3375893839681,37504.20429043047,173.0312673679582,158.6696721764177
2020-05-01,141863,7.4,255.942,64894,2.98,539,297,250.83333333333334,1.8148148148148149,2.1488372093023256,243900,230527,775.5410569124565,37225.97073179791,174.32453398607666,161.42451847110698
2020-06-01,142440,5.7,257.282,64894,2.98,522,428,256.3333333333333,1.219626168224299,2.0364109232769834,244900,239900,807.0737898523744,38739.54191291397,167.5135966911559,157.96532167976
2020-07-01,143893,4.9,258.604,64894,2.98,505,446,266.9166666666667,1.1322869955156951,1.8919762722447704,244900,230625,775.8707494151889,37241.79597192907,174.2504578697379,165.71218543412073
2020-08-01,143223,4.4,259.511,64894,2.98,472,408,275.8333333333333,1.1568627450980393,1.711178247734139,250000,244250,821.7080999226446,39441.98879628694,164.53024297321718,157.29091228239562
2020-09-01,141868,3.2,260.149,64894,2.98,438,398,283.1666666666667,1.100502512562814,1.5467922307239552,249900,246000,827.5954660428682,39724.58237005767,163.35980425287926,158.13229051678712
2020-10-01,141024,2.9,260.462,64894,2.98,446,301,289.1666666666667,1.4817275747508305,1.5423631123919308,247700,240000,807.4102107735299,38755.69011712944,167.44379935920125,162.58792917778442
2020-11-01,140688,3.2,260.927,64894,2.98,412,276,293.6666666666667,1.4927536231884058,1.4029511918274686,244890,243000,817.5028384081992,39240.13624359356,165.3765919597049,160.08454101699434
2020-12-01,140806,3.6,261.56,64894,2.98,355,231,296.8333333333333,1.5367965367965368,1.1959573273441888,239900,240246,808.2378062395729,38795.4146994995,167.27234520536572,161.25054077797256
